CustomerID,JoinDate,Plan,Region,Industry,MarketingChannel,MonthlyRevenue,AcquisitionCost,MonthlyAIUsageHours,LoginCount,SupportTickets,CustomerSatisfaction,ActiveStatus,ChurnRisk,CustomerLifetimeMonths,EstimatedLTV,EstimatedProfit
CUST0001,2025-02-08,Basic,India,Technology,LinkedIn,29,97,53,171,5,4.6,Active,High,15,435,18.85
CUST0002,2025-03-04,Basic,USA,Technology,Google Ads,29,242,35,22,9,4.1,Active,Low,15,435,18.85
CUST0003,2024-02-20,Pro,Germany,Finance,YouTube,99,223,153,61,6,4.7,Active,Low,27,2673,64.35
CUST0004,2025-11-29,Basic,Germany,Finance,YouTube,29,437,101,51,5,4.1,Active,Low,6,174,18.85
CUST0005,2025-05-23,Basic,UK,Education,LinkedIn,29,125,243,179,9,4.6,Active,Medium,12,348,18.85
CUST0006,2026-03-09,Pro,Canada,Education,YouTube,99,377,258,67,5,3.6,Active,High,2,198,64.35
CUST0007,2025-06-08,Enterprise,Australia,Finance,YouTube,299,80,255,112,6,3.7,Active,Low,11,3289,194.35
CUST0008,2026-04-17,Pro,India,Finance,Organic,99,468,259,85,9,3.7,Active,Medium,1,99,64.35
CUST0009,2024-03-07,Basic,UK,Retail,Organic,29,360,300,20,10,3.6,Active,Medium,27,783,18.85
CUST0010,2024-12-29,Basic,Australia,Healthcare,Referral,29,256,116,48,4,4.0,Active,Low,17,493,18.85
CUST0011,2025-05-23,Basic,Germany,Education,Referral,29,466,147,25,2,3.8,Active,Medium,12,348,18.85
CUST0012,2025-01-24,Enterprise,USA,Finance,Referral,299,369,82,250,3,3.2,Active,High,16,4784,194.35
CUST0013,2024-09-26,Pro,UK,Healthcare,YouTube,99,113,194,77,9,3.8,Active,High,20,1980,64.35
CUST0014,2025-11-23,Enterprise,Canada,Retail,Google Ads,299,355,291,194,6,4.8,Active,Medium,6,1794,194.35
CUST0015,2024-03-04,Basic,Germany,Finance,Google Ads,29,225,88,53,1,3.4,Active,Medium,27,783,18.85
CUST0016,2025-07-03,Basic,Canada,Healthcare,Organic,29,97,41,30,3,4.2,Inactive,High,11,319,18.85
CUST0017,2025-01-07,Enterprise,UK,Finance,LinkedIn,299,328,243,126,7,4.7,Active,Medium,17,5083,194.35
CUST0018,2026-01-28,Basic,Germany,Education,LinkedIn,29,195,269,72,0,4.4,Active,Low,4,116,18.85
CUST0019,2024-01-28,Pro,UK,Healthcare,Organic,99,488,51,199,4,5.0,Active,High,28,2772,64.35
CUST0020,2025-07-08,Pro,Australia,Healthcare,LinkedIn,99,292,104,204,3,4.3,Active,Medium,10,990,64.35
CUST0021,2026-01-18,Pro,Australia,Technology,Organic,99,202,246,12,4,4.6,Inactive,Low,4,396,64.35
CUST0022,2026-01-10,Basic,Canada,Healthcare,Organic,29,499,117,94,1,3.7,Inactive,Low,4,116,18.85
CUST0023,2025-09-16,Basic,Australia,Finance,Referral,29,339,181,220,10,4.8,Active,Low,8,232,18.85
CUST0024,2024-07-23,Pro,Canada,Retail,Referral,99,404,175,127,1,3.9,Inactive,High,22,2178,64.35
CUST0025,2026-01-12,Pro,Australia,Healthcare,YouTube,99,63,82,45,9,3.3,Active,Medium,4,396,64.35
CUST0026,2025-11-04,Pro,Australia,Finance,YouTube,99,262,72,244,0,4.1,Active,Low,6,594,64.35
CUST0027,2025-03-20,Pro,UK,Technology,LinkedIn,99,91,19,228,4,4.7,Active,Low,14,1386,64.35
CUST0028,2024-09-22,Pro,Germany,Technology,Referral,99,186,186,144,7,3.3,Active,High,20,1980,64.35
CUST0029,2025-05-28,Pro,Germany,Finance,LinkedIn,99,469,14,38,7,4.0,Active,Low,12,1188,64.35
CUST0030,2025-09-25,Basic,Canada,Finance,YouTube,29,262,270,190,8,3.1,Active,High,8,232,18.85
CUST0031,2024-10-10,Basic,Canada,Education,YouTube,29,117,292,15,0,4.0,Active,Low,19,551,18.85
CUST0032,2025-06-08,Enterprise,USA,Technology,Organic,299,330,278,56,7,3.9,Active,High,11,3289,194.35
CUST0033,2024-07-26,Enterprise,India,Healthcare,Referral,299,477,205,220,7,3.8,Active,Medium,22,6578,194.35
CUST0034,2024-11-06,Basic,USA,Retail,LinkedIn,29,362,192,205,2,4.6,Active,Medium,19,551,18.85
CUST0035,2025-02-11,Pro,Canada,Technology,Referral,99,68,119,231,2,5.0,Active,High,15,1485,64.35
CUST0036,2024-12-31,Basic,Canada,Finance,Referral,29,120,178,86,8,3.7,Active,Medium,17,493,18.85
CUST0037,2024-10-29,Basic,UK,Education,Google Ads,29,339,122,136,1,3.2,Inactive,Low,19,551,18.85
CUST0038,2024-10-03,Enterprise,Germany,Technology,YouTube,299,112,137,198,6,3.8,Active,Low,20,5980,194.35
CUST0039,2024-04-01,Basic,India,Finance,Organic,29,187,222,76,1,4.4,Active,Medium,26,754,18.85
CUST0040,2024-08-15,Basic,Canada,Education,YouTube,29,458,10,22,5,3.2,Active,High,21,609,18.85
CUST0041,2025-12-27,Basic,USA,Education,Organic,29,289,139,66,0,4.9,Inactive,Low,5,145,18.85
CUST0042,2024-10-23,Pro,India,Finance,Google Ads,99,125,182,119,0,3.4,Active,Medium,19,1881,64.35
CUST0043,2024-07-13,Pro,Canada,Retail,YouTube,99,302,59,136,10,4.9,Active,High,22,2178,64.35
CUST0044,2025-06-02,Pro,Australia,Healthcare,Referral,99,221,180,83,3,5.0,Active,High,12,1188,64.35
CUST0045,2024-05-12,Enterprise,India,Finance,Referral,299,47,135,8,6,4.5,Active,Low,25,7475,194.35
CUST0046,2024-10-15,Enterprise,UK,Retail,Google Ads,299,363,240,158,2,3.6,Active,Low,19,5681,194.35
CUST0047,2025-07-14,Basic,USA,Finance,Organic,29,188,163,87,3,4.9,Active,Medium,10,290,18.85
CUST0048,2024-10-12,Basic,India,Healthcare,Referral,29,263,7,133,1,3.5,Active,Medium,19,551,18.85
CUST0049,2024-01-24,Pro,Australia,Technology,Referral,99,221,275,81,2,3.5,Active,High,28,2772,64.35
CUST0050,2025-05-21,Pro,Germany,Retail,YouTube,99,388,79,43,0,4.2,Active,High,12,1188,64.35
CUST0051,2026-02-09,Basic,Australia,Healthcare,Google Ads,29,288,13,134,10,4.6,Active,High,3,87,18.85
CUST0052,2025-10-14,Basic,Australia,Finance,YouTube,29,88,236,97,8,3.8,Inactive,Low,7,203,18.85
CUST0053,2024-09-27,Pro,Australia,Technology,Google Ads,99,270,262,5,8,3.1,Active,Low,20,1980,64.35
CUST0054,2024-09-15,Pro,Australia,Retail,Referral,99,262,110,212,3,3.5,Active,High,20,1980,64.35
CUST0055,2025-05-05,Pro,USA,Education,Organic,99,59,106,238,1,4.5,Active,High,13,1287,64.35
CUST0056,2024-11-07,Pro,Australia,Finance,LinkedIn,99,374,36,164,7,3.0,Active,Medium,19,1881,64.35
CUST0057,2025-12-26,Pro,UK,Finance,Referral,99,168,65,137,8,3.9,Active,Low,5,495,64.35
CUST0058,2024-03-19,Basic,USA,Finance,YouTube,29,254,142,214,6,5.0,Active,Low,26,754,18.85
CUST0059,2025-06-20,Basic,Australia,Education,LinkedIn,29,402,265,72,4,3.3,Inactive,Low,11,319,18.85
CUST0060,2025-05-12,Basic,Canada,Education,LinkedIn,29,468,256,105,10,3.0,Active,Medium,12,348,18.85
CUST0061,2024-11-19,Basic,USA,Finance,Organic,29,212,178,35,6,3.0,Active,Low,18,522,18.85
CUST0062,2025-02-06,Basic,India,Education,Google Ads,29,53,189,104,6,4.2,Inactive,Medium,16,464,18.85
CUST0063,2024-10-19,Basic,UK,Healthcare,Organic,29,358,141,167,6,3.5,Inactive,High,19,551,18.85
CUST0064,2024-01-30,Pro,Australia,Finance,Google Ads,99,239,288,212,8,3.8,Active,Low,28,2772,64.35
CUST0065,2025-04-06,Enterprise,Germany,Healthcare,LinkedIn,299,230,151,162,7,4.3,Active,Low,14,4186,194.35
CUST0066,2024-10-15,Basic,USA,Education,Referral,29,195,138,81,6,4.5,Active,High,19,551,18.85
CUST0067,2024-05-02,Pro,USA,Retail,Organic,99,221,261,47,7,3.2,Active,High,25,2475,64.35
CUST0068,2025-03-13,Enterprise,India,Education,LinkedIn,299,250,94,40,5,3.5,Active,High,14,4186,194.35
CUST0069,2025-08-06,Basic,Australia,Technology,LinkedIn,29,434,216,56,6,4.5,Inactive,Medium,9,261,18.85
CUST0070,2026-02-09,Basic,Germany,Technology,LinkedIn,29,193,189,20,2,4.1,Active,High,3,87,18.85
CUST0071,2024-09-11,Basic,India,Retail,Referral,29,479,164,103,0,3.9,Active,Low,20,580,18.85
CUST0072,2024-01-01,Enterprise,USA,Finance,LinkedIn,299,270,275,23,7,4.9,Active,Medium,29,8671,194.35
CUST0073,2025-11-29,Basic,India,Finance,LinkedIn,29,287,239,32,1,4.4,Inactive,High,6,174,18.85
CUST0074,2024-02-08,Basic,Canada,Finance,Google Ads,29,490,133,170,8,4.9,Active,High,28,812,18.85
CUST0075,2025-08-19,Basic,UK,Retail,Organic,29,288,5,54,0,3.4,Active,High,9,261,18.85
CUST0076,2024-09-05,Enterprise,Australia,Education,Google Ads,299,350,19,126,6,4.1,Active,High,21,6279,194.35
CUST0077,2025-11-21,Basic,Canada,Finance,Organic,29,275,222,170,5,3.5,Active,Low,6,174,18.85
CUST0078,2025-11-29,Pro,Canada,Healthcare,Organic,99,205,263,106,1,4.6,Active,Low,6,594,64.35
CUST0079,2024-08-24,Pro,Canada,Technology,LinkedIn,99,119,156,124,1,4.5,Active,High,21,2079,64.35
CUST0080,2025-03-03,Enterprise,USA,Finance,YouTube,299,268,79,238,6,4.9,Active,Low,15,4485,194.35
CUST0081,2025-12-27,Basic,USA,Education,LinkedIn,29,46,165,20,1,3.9,Active,Low,5,145,18.85
CUST0082,2025-06-21,Basic,Canada,Healthcare,Google Ads,29,499,198,196,5,3.6,Active,Medium,11,319,18.85
CUST0083,2024-03-23,Basic,UK,Education,Referral,29,163,292,94,3,4.8,Active,Medium,26,754,18.85
CUST0084,2025-04-29,Basic,Australia,Retail,Google Ads,29,381,103,55,5,4.8,Active,Medium,13,377,18.85
CUST0085,2026-04-11,Pro,India,Education,LinkedIn,99,146,22,165,7,3.1,Active,Low,1,99,64.35
CUST0086,2025-09-12,Pro,Australia,Education,Organic,99,480,27,91,4,3.7,Active,High,8,792,64.35
CUST0087,2026-02-12,Basic,India,Retail,Referral,29,389,38,157,0,4.3,Inactive,Low,3,87,18.85
CUST0088,2026-03-19,Enterprise,India,Education,LinkedIn,299,217,72,69,7,4.6,Inactive,Low,2,598,194.35
CUST0089,2024-11-23,Pro,Canada,Healthcare,LinkedIn,99,187,45,122,8,4.6,Active,Low,18,1782,64.35
CUST0090,2024-02-04,Basic,UK,Technology,Google Ads,29,352,223,128,1,3.7,Active,Low,28,812,18.85
CUST0091,2025-05-25,Basic,Germany,Healthcare,YouTube,29,235,73,186,6,3.3,Inactive,Medium,12,348,18.85
CUST0092,2026-02-16,Pro,UK,Education,Organic,99,360,148,36,9,3.6,Active,Medium,3,297,64.35
CUST0093,2024-07-09,Basic,Canada,Education,LinkedIn,29,146,101,67,5,3.6,Active,Low,23,667,18.85
CUST0094,2025-10-27,Pro,Canada,Healthcare,Referral,99,138,23,211,1,3.9,Active,Low,7,693,64.35
CUST0095,2024-10-27,Enterprise,Germany,Healthcare,Referral,299,40,104,64,1,3.4,Active,Medium,19,5681,194.35
CUST0096,2026-03-07,Pro,UK,Education,LinkedIn,99,416,184,175,3,3.2,Inactive,Low,2,198,64.35
CUST0097,2024-02-09,Basic,Australia,Education,LinkedIn,29,150,10,158,5,4.8,Active,Medium,28,812,18.85
CUST0098,2024-07-27,Pro,Canada,Technology,LinkedIn,99,59,37,13,6,4.1,Active,Low,22,2178,64.35
CUST0099,2025-10-30,Pro,Canada,Finance,Organic,99,66,150,46,10,3.5,Active,Medium,7,693,64.35
CUST0100,2024-12-31,Pro,Canada,Retail,LinkedIn,99,472,191,111,10,4.7,Active,Low,17,1683,64.35
CUST0101,2024-06-09,Enterprise,USA,Healthcare,Google Ads,299,242,300,113,5,3.2,Active,Medium,24,7176,194.35
CUST0102,2025-10-18,Basic,USA,Education,Organic,29,92,194,211,8,3.2,Inactive,Low,7,203,18.85
CUST0103,2024-03-09,Basic,India,Retail,Organic,29,107,106,32,4,4.5,Active,Low,27,783,18.85
CUST0104,2025-10-13,Basic,Germany,Retail,YouTube,29,494,87,104,10,4.4,Active,Low,7,203,18.85
CUST0105,2025-04-29,Pro,UK,Finance,LinkedIn,99,444,270,51,2,3.1,Active,Medium,13,1287,64.35
CUST0106,2026-04-15,Basic,India,Retail,YouTube,29,391,24,234,10,4.8,Active,Medium,1,29,18.85
CUST0107,2025-10-04,Basic,Australia,Education,Referral,29,454,132,204,6,3.8,Active,Medium,8,232,18.85
CUST0108,2024-01-24,Pro,Canada,Healthcare,Referral,99,111,125,5,7,4.0,Active,High,28,2772,64.35
CUST0109,2024-05-11,Basic,Australia,Finance,Google Ads,29,54,231,96,8,3.2,Active,High,25,725,18.85
CUST0110,2026-01-21,Pro,Australia,Healthcare,Google Ads,99,62,32,85,8,4.0,Active,Medium,4,396,64.35
CUST0111,2026-01-19,Enterprise,Australia,Healthcare,Google Ads,299,334,256,182,4,3.4,Active,Low,4,1196,194.35
CUST0112,2026-02-13,Pro,UK,Technology,Referral,99,332,145,69,7,4.8,Active,Low,3,297,64.35
CUST0113,2025-09-22,Basic,USA,Education,Organic,29,154,106,134,2,3.7,Active,Medium,8,232,18.85
CUST0114,2026-03-22,Enterprise,Canada,Technology,YouTube,299,106,29,205,10,4.5,Active,Medium,2,598,194.35
CUST0115,2024-04-17,Pro,Canada,Education,YouTube,99,471,206,69,5,4.3,Inactive,Medium,25,2475,64.35
CUST0116,2026-02-21,Basic,UK,Education,YouTube,29,189,29,25,4,3.4,Active,High,3,87,18.85
CUST0117,2024-11-16,Enterprise,Australia,Retail,Referral,299,478,81,192,4,3.1,Active,High,18,5382,194.35
CUST0118,2024-02-18,Pro,India,Technology,Organic,99,478,28,38,0,4.2,Active,Low,27,2673,64.35
CUST0119,2024-12-31,Basic,Germany,Retail,LinkedIn,29,287,73,141,3,4.2,Active,Medium,17,493,18.85
CUST0120,2026-03-31,Basic,Australia,Education,Referral,29,499,37,67,10,3.9,Active,Low,2,58,18.85
CUST0121,2024-02-27,Pro,Australia,Retail,LinkedIn,99,25,232,170,9,4.8,Active,High,27,2673,64.35
CUST0122,2024-02-15,Basic,India,Finance,YouTube,29,20,126,20,2,3.8,Active,Low,27,783,18.85
CUST0123,2024-05-25,Pro,Canada,Technology,LinkedIn,99,120,264,110,10,4.2,Active,High,24,2376,64.35
CUST0124,2024-11-03,Pro,Canada,Retail,Referral,99,52,249,165,8,4.8,Active,Low,19,1881,64.35
CUST0125,2025-04-08,Basic,India,Education,Organic,29,355,123,49,10,3.2,Active,Low,13,377,18.85
CUST0126,2025-10-13,Pro,Australia,Healthcare,Google Ads,99,156,272,146,4,4.4,Active,Medium,7,693,64.35
CUST0127,2024-06-22,Enterprise,UK,Healthcare,Referral,299,27,108,71,2,4.7,Inactive,High,23,6877,194.35
CUST0128,2025-01-23,Basic,Germany,Finance,Google Ads,29,142,279,237,7,4.8,Inactive,Medium,16,464,18.85
CUST0129,2024-08-27,Basic,India,Technology,LinkedIn,29,391,205,151,9,4.6,Inactive,High,21,609,18.85
CUST0130,2024-04-24,Basic,India,Healthcare,Google Ads,29,33,77,32,0,3.3,Active,Low,25,725,18.85
CUST0131,2024-02-17,Pro,India,Retail,Google Ads,99,397,107,21,8,4.5,Inactive,High,27,2673,64.35
CUST0132,2024-04-24,Basic,UK,Retail,Google Ads,29,124,49,13,10,4.7,Active,High,25,725,18.85
CUST0133,2026-02-14,Basic,UK,Education,Organic,29,425,221,170,4,3.6,Active,Low,3,87,18.85
CUST0134,2025-01-11,Basic,Germany,Finance,Referral,29,409,262,238,7,4.9,Active,Medium,16,464,18.85
CUST0135,2026-03-02,Basic,Australia,Finance,YouTube,29,285,280,30,9,4.4,Active,Low,3,87,18.85
CUST0136,2025-03-22,Pro,Canada,Finance,Referral,99,107,32,5,0,3.6,Active,Medium,14,1386,64.35
CUST0137,2024-07-07,Pro,USA,Education,LinkedIn,99,442,268,131,4,4.9,Active,High,23,2277,64.35
CUST0138,2025-05-25,Enterprise,Germany,Finance,Organic,299,138,46,47,7,4.3,Active,High,12,3588,194.35
CUST0139,2025-02-08,Basic,UK,Education,Referral,29,225,17,233,5,3.2,Inactive,Low,15,435,18.85
CUST0140,2024-06-24,Enterprise,Germany,Technology,Google Ads,299,276,240,102,2,4.3,Inactive,High,23,6877,194.35
CUST0141,2025-06-18,Basic,Canada,Retail,Organic,29,187,288,44,5,3.9,Inactive,Low,11,319,18.85
CUST0142,2024-12-08,Pro,UK,Technology,LinkedIn,99,84,264,123,3,4.4,Active,Medium,18,1782,64.35
CUST0143,2026-01-10,Pro,UK,Finance,LinkedIn,99,146,125,88,5,3.7,Active,Low,4,396,64.35
CUST0144,2024-07-19,Enterprise,UK,Healthcare,Google Ads,299,72,159,103,4,3.3,Active,Medium,22,6578,194.35
CUST0145,2024-10-14,Pro,Australia,Healthcare,YouTube,99,74,11,57,6,3.9,Inactive,Medium,19,1881,64.35
CUST0146,2025-04-19,Enterprise,USA,Retail,YouTube,299,171,212,10,0,4.2,Active,High,13,3887,194.35
CUST0147,2025-03-07,Pro,Australia,Finance,Referral,99,351,122,221,10,4.4,Active,Low,15,1485,64.35
CUST0148,2025-10-05,Basic,UK,Retail,Referral,29,153,209,184,10,3.8,Active,Low,7,203,18.85
CUST0149,2025-02-23,Basic,India,Retail,Referral,29,338,98,137,10,4.9,Active,Medium,15,435,18.85
CUST0150,2024-02-09,Enterprise,India,Technology,Referral,299,74,107,69,8,3.3,Active,Medium,28,8372,194.35
CUST0151,2025-05-02,Pro,Canada,Retail,LinkedIn,99,387,194,136,8,4.6,Active,Medium,13,1287,64.35
CUST0152,2025-02-05,Enterprise,UK,Education,Referral,299,114,187,136,10,3.2,Active,Low,16,4784,194.35
CUST0153,2024-03-17,Basic,India,Healthcare,Organic,29,26,185,112,9,4.3,Inactive,Medium,26,754,18.85
CUST0154,2024-08-12,Pro,Australia,Healthcare,Referral,99,289,89,210,2,3.9,Inactive,Low,21,2079,64.35
CUST0155,2024-08-19,Pro,Germany,Healthcare,Referral,99,389,216,213,7,3.7,Inactive,Medium,21,2079,64.35
CUST0156,2024-08-23,Basic,Canada,Finance,Organic,29,455,223,73,10,4.4,Active,Low,21,609,18.85
CUST0157,2024-11-05,Basic,USA,Education,Referral,29,355,48,87,10,3.9,Active,Medium,19,551,18.85
CUST0158,2025-08-01,Basic,Germany,Finance,Google Ads,29,443,276,236,5,4.9,Active,High,10,290,18.85
CUST0159,2025-11-02,Basic,Canada,Education,LinkedIn,29,56,78,80,3,3.2,Active,Low,7,203,18.85
CUST0160,2026-03-21,Basic,Australia,Education,LinkedIn,29,226,51,141,10,4.8,Active,High,2,58,18.85
CUST0161,2025-06-27,Basic,UK,Retail,LinkedIn,29,129,64,25,8,3.9,Active,Low,11,319,18.85
CUST0162,2025-05-19,Pro,Canada,Healthcare,YouTube,99,262,78,147,7,3.9,Active,Low,12,1188,64.35
CUST0163,2024-01-07,Pro,UK,Retail,Organic,99,396,293,46,7,3.9,Active,High,29,2871,64.35
CUST0164,2024-03-18,Basic,India,Education,Google Ads,29,366,19,51,0,4.3,Active,High,26,754,18.85
CUST0165,2026-02-14,Pro,UK,Finance,Organic,99,268,217,234,10,3.4,Active,Low,3,297,64.35
CUST0166,2025-06-22,Basic,UK,Technology,Google Ads,29,418,227,146,5,3.4,Active,Medium,11,319,18.85
CUST0167,2024-12-29,Pro,USA,Retail,Google Ads,99,169,144,216,8,3.7,Active,Medium,17,1683,64.35
CUST0168,2025-12-31,Basic,Australia,Technology,Referral,29,182,49,81,0,4.9,Active,Medium,5,145,18.85
CUST0169,2025-02-12,Pro,India,Technology,YouTube,99,45,248,81,9,3.1,Active,High,15,1485,64.35
CUST0170,2024-05-30,Pro,Australia,Retail,LinkedIn,99,335,47,165,3,4.4,Active,Low,24,2376,64.35
CUST0171,2024-02-07,Basic,UK,Technology,Organic,29,112,11,112,5,4.8,Active,Low,28,812,18.85
CUST0172,2025-03-07,Enterprise,Germany,Finance,Google Ads,299,114,32,13,7,3.9,Active,High,15,4485,194.35
CUST0173,2025-08-12,Pro,Germany,Technology,LinkedIn,99,235,12,183,10,3.9,Inactive,Medium,9,891,64.35
CUST0174,2025-07-15,Basic,Canada,Finance,Google Ads,29,231,82,31,10,3.9,Active,Low,10,290,18.85
CUST0175,2024-03-31,Pro,Germany,Healthcare,Referral,99,82,14,60,4,3.3,Inactive,High,26,2574,64.35
CUST0176,2024-02-21,Pro,Australia,Technology,Referral,99,115,79,98,1,4.4,Active,Medium,27,2673,64.35
CUST0177,2024-09-17,Basic,Australia,Technology,Google Ads,29,497,10,238,0,4.4,Inactive,Low,20,580,18.85
CUST0178,2026-01-16,Basic,UK,Education,YouTube,29,179,254,158,9,4.7,Active,Low,4,116,18.85
CUST0179,2025-11-24,Pro,Australia,Retail,Referral,99,260,190,47,10,4.6,Active,Low,6,594,64.35
CUST0180,2025-04-08,Basic,India,Technology,YouTube,29,422,175,246,4,4.5,Active,Medium,13,377,18.85
CUST0181,2026-01-13,Basic,USA,Retail,Referral,29,330,163,8,9,4.2,Active,Medium,4,116,18.85
CUST0182,2026-02-28,Pro,UK,Retail,LinkedIn,99,328,5,234,5,3.9,Active,Medium,3,297,64.35
CUST0183,2026-02-20,Pro,UK,Technology,Referral,99,437,77,232,9,3.6,Active,Low,3,297,64.35
CUST0184,2025-07-06,Basic,India,Retail,Referral,29,63,124,146,4,3.8,Active,High,11,319,18.85
CUST0185,2024-09-17,Pro,Germany,Education,Google Ads,99,494,240,155,8,4.6,Active,Low,20,1980,64.35
CUST0186,2025-06-17,Basic,Germany,Healthcare,LinkedIn,29,316,169,234,7,4.7,Active,High,11,319,18.85
CUST0187,2024-07-04,Basic,Germany,Healthcare,LinkedIn,29,67,293,211,5,3.7,Active,Medium,23,667,18.85
CUST0188,2025-01-18,Basic,Germany,Finance,Organic,29,272,46,226,2,4.3,Active,Medium,16,464,18.85
CUST0189,2024-01-22,Basic,Germany,Healthcare,Organic,29,330,294,29,7,5.0,Active,High,28,812,18.85
CUST0190,2025-03-12,Enterprise,UK,Healthcare,LinkedIn,299,163,72,29,4,4.5,Inactive,Low,14,4186,194.35
CUST0191,2024-02-22,Basic,Germany,Retail,Google Ads,29,34,239,13,7,4.7,Active,Low,27,783,18.85
CUST0192,2024-09-20,Pro,Canada,Healthcare,Organic,99,66,264,86,6,4.3,Active,Low,20,1980,64.35
CUST0193,2024-08-15,Enterprise,India,Finance,Organic,299,389,185,49,0,3.5,Active,High,21,6279,194.35
CUST0194,2026-01-27,Pro,India,Healthcare,Organic,99,383,56,170,2,4.0,Active,Medium,4,396,64.35
CUST0195,2026-02-15,Pro,UK,Retail,Referral,99,245,136,172,6,3.6,Active,Low,3,297,64.35
CUST0196,2026-04-06,Basic,USA,Healthcare,Google Ads,29,142,244,41,3,4.8,Inactive,Low,1,29,18.85
CUST0197,2025-01-17,Enterprise,Australia,Finance,Referral,299,463,54,232,6,4.6,Active,Low,16,4784,194.35
CUST0198,2026-04-22,Enterprise,Australia,Finance,LinkedIn,299,185,78,64,5,4.3,Active,Low,1,299,194.35
CUST0199,2024-05-28,Pro,India,Education,YouTube,99,303,215,117,3,3.5,Inactive,Low,24,2376,64.35
CUST0200,2026-04-03,Pro,USA,Technology,Google Ads,99,191,238,47,7,3.2,Active,Low,1,99,64.35
CUST0201,2025-11-15,Pro,USA,Education,Referral,99,423,151,241,1,4.0,Active,Medium,6,594,64.35
CUST0202,2024-08-31,Enterprise,UK,Healthcare,Google Ads,299,142,88,29,0,3.8,Active,High,21,6279,194.35
CUST0203,2024-12-15,Basic,UK,Retail,Google Ads,29,279,274,135,4,3.0,Active,Low,17,493,18.85
CUST0204,2024-10-10,Enterprise,USA,Healthcare,YouTube,299,131,272,151,3,4.7,Active,High,19,5681,194.35
CUST0205,2025-09-15,Basic,Australia,Healthcare,YouTube,29,64,110,192,2,3.5,Active,High,8,232,18.85
CUST0206,2024-03-08,Basic,UK,Education,Referral,29,25,33,182,8,3.8,Active,Medium,27,783,18.85
CUST0207,2026-02-20,Basic,UK,Finance,LinkedIn,29,229,132,127,2,4.3,Active,High,3,87,18.85
CUST0208,2025-09-01,Pro,India,Education,LinkedIn,99,314,233,224,8,4.0,Active,Low,9,891,64.35
CUST0209,2024-11-24,Pro,Australia,Retail,Referral,99,463,36,204,4,3.8,Active,Low,18,1782,64.35
CUST0210,2026-04-03,Pro,USA,Healthcare,Google Ads,99,291,50,142,3,3.5,Active,High,1,99,64.35
CUST0211,2026-04-16,Basic,Germany,Technology,Referral,29,304,104,249,4,3.2,Active,Low,1,29,18.85
CUST0212,2025-03-30,Pro,India,Retail,Referral,99,379,96,31,0,3.2,Active,Medium,14,1386,64.35
CUST0213,2024-10-13,Pro,USA,Healthcare,LinkedIn,99,409,75,33,8,3.8,Active,High,19,1881,64.35
CUST0214,2026-02-03,Pro,Germany,Technology,Google Ads,99,256,204,106,6,4.7,Active,High,3,297,64.35
CUST0215,2026-03-06,Basic,UK,Retail,YouTube,29,46,176,97,6,3.5,Active,High,2,58,18.85
CUST0216,2024-05-30,Basic,India,Education,Google Ads,29,284,221,250,10,3.7,Active,High,24,696,18.85
CUST0217,2024-11-28,Pro,Canada,Retail,Google Ads,99,55,120,115,2,4.3,Active,Medium,18,1782,64.35
CUST0218,2024-02-11,Pro,India,Technology,Google Ads,99,472,144,13,10,4.2,Inactive,High,28,2772,64.35
CUST0219,2024-01-14,Basic,Australia,Healthcare,Google Ads,29,286,62,116,4,3.1,Active,Medium,28,812,18.85
CUST0220,2025-06-10,Basic,India,Technology,LinkedIn,29,491,278,235,2,3.9,Active,Medium,11,319,18.85
CUST0221,2025-02-20,Enterprise,Canada,Technology,YouTube,299,488,49,152,8,3.5,Active,Medium,15,4485,194.35
CUST0222,2024-07-25,Basic,Canada,Retail,Organic,29,217,285,145,4,3.9,Active,High,22,638,18.85
CUST0223,2024-08-14,Basic,USA,Healthcare,Organic,29,190,207,53,0,3.8,Active,Medium,21,609,18.85
CUST0224,2024-10-03,Pro,Germany,Finance,YouTube,99,271,34,77,0,3.4,Inactive,Low,20,1980,64.35
CUST0225,2025-11-04,Enterprise,USA,Healthcare,Referral,299,245,186,20,1,4.7,Active,High,6,1794,194.35
CUST0226,2024-05-23,Basic,Australia,Retail,Organic,29,200,146,177,8,4.2,Active,Low,24,696,18.85
CUST0227,2025-10-09,Pro,Germany,Technology,Google Ads,99,382,57,239,0,3.8,Active,Medium,7,693,64.35
CUST0228,2024-06-02,Basic,Australia,Retail,Organic,29,312,61,111,6,3.6,Active,Medium,24,696,18.85
CUST0229,2024-12-27,Pro,Canada,Retail,Referral,99,169,169,105,0,4.2,Active,High,17,1683,64.35
CUST0230,2024-11-07,Basic,UK,Technology,LinkedIn,29,294,123,210,1,4.2,Active,Medium,19,551,18.85
CUST0231,2025-03-12,Enterprise,Canada,Education,YouTube,299,124,29,233,4,3.0,Inactive,High,14,4186,194.35
CUST0232,2025-09-26,Pro,UK,Finance,YouTube,99,295,225,116,6,4.0,Active,Medium,8,792,64.35
CUST0233,2024-01-11,Pro,Canada,Technology,YouTube,99,251,214,178,5,3.5,Active,High,29,2871,64.35
CUST0234,2025-03-07,Basic,India,Healthcare,Organic,29,116,180,129,8,4.5,Active,High,15,435,18.85
CUST0235,2026-04-25,Basic,Canada,Healthcare,YouTube,29,58,155,84,5,3.2,Active,High,1,29,18.85
CUST0236,2024-07-31,Basic,Germany,Finance,Organic,29,281,35,134,10,3.8,Inactive,High,22,638,18.85
CUST0237,2025-10-13,Pro,Australia,Technology,Google Ads,99,343,6,190,4,3.8,Active,High,7,693,64.35
CUST0238,2024-04-10,Enterprise,Germany,Education,YouTube,299,223,94,155,7,3.1,Active,High,26,7774,194.35
CUST0239,2025-08-11,Pro,India,Finance,Google Ads,99,93,85,55,8,3.2,Active,High,9,891,64.35
CUST0240,2025-05-17,Basic,Australia,Technology,Organic,29,287,36,215,10,3.9,Active,Low,12,348,18.85
CUST0241,2024-12-28,Basic,UK,Healthcare,Referral,29,141,55,75,9,3.5,Active,Low,17,493,18.85
CUST0242,2024-02-25,Pro,Germany,Healthcare,LinkedIn,99,30,27,61,7,4.2,Inactive,Low,27,2673,64.35
CUST0243,2025-08-24,Basic,Germany,Education,Referral,29,101,238,223,4,3.0,Active,Medium,9,261,18.85
CUST0244,2024-09-05,Enterprise,Canada,Retail,Google Ads,299,54,118,178,6,4.4,Active,Medium,21,6279,194.35
CUST0245,2024-03-30,Pro,Germany,Education,Google Ads,99,144,8,49,4,3.8,Active,Medium,26,2574,64.35
CUST0246,2025-01-29,Basic,Germany,Healthcare,Referral,29,466,68,90,6,3.1,Active,Medium,16,464,18.85
CUST0247,2024-12-18,Basic,USA,Healthcare,Google Ads,29,165,17,65,5,3.6,Active,Low,17,493,18.85
CUST0248,2026-03-17,Basic,UK,Healthcare,Referral,29,298,127,37,2,3.9,Active,Medium,2,58,18.85
CUST0249,2024-08-01,Basic,USA,Education,YouTube,29,317,121,81,7,4.0,Inactive,High,22,638,18.85
CUST0250,2025-01-11,Enterprise,Australia,Technology,Google Ads,299,320,113,141,2,4.2,Active,Low,16,4784,194.35
CUST0251,2026-01-23,Pro,India,Retail,Google Ads,99,158,295,202,2,3.1,Active,Medium,4,396,64.35
CUST0252,2024-08-25,Pro,Germany,Education,LinkedIn,99,417,39,87,8,4.8,Active,Medium,21,2079,64.35
CUST0253,2024-03-31,Basic,Canada,Retail,LinkedIn,29,179,209,62,4,4.6,Active,Medium,26,754,18.85
CUST0254,2024-01-31,Enterprise,Australia,Retail,LinkedIn,299,110,184,98,6,4.3,Active,Low,28,8372,194.35
CUST0255,2024-12-26,Enterprise,Australia,Healthcare,Google Ads,299,225,63,236,4,3.4,Active,High,17,5083,194.35
CUST0256,2024-06-14,Basic,UK,Healthcare,YouTube,29,331,199,115,0,3.6,Active,High,23,667,18.85
CUST0257,2025-05-24,Pro,India,Education,Google Ads,99,311,299,188,5,4.9,Active,Low,12,1188,64.35
CUST0258,2025-09-13,Enterprise,USA,Education,Google Ads,299,319,61,183,0,3.5,Active,Medium,8,2392,194.35
CUST0259,2025-02-07,Basic,Canada,Retail,Organic,29,400,274,196,1,3.4,Active,Medium,15,435,18.85
CUST0260,2025-12-05,Pro,Australia,Healthcare,Referral,99,398,265,217,0,4.3,Active,High,5,495,64.35
CUST0261,2026-03-07,Pro,Germany,Healthcare,LinkedIn,99,453,291,37,4,3.4,Active,Low,2,198,64.35
CUST0262,2024-03-01,Pro,USA,Healthcare,Referral,99,147,108,48,10,3.8,Active,Medium,27,2673,64.35
CUST0263,2025-12-23,Pro,Australia,Education,LinkedIn,99,141,73,66,10,4.4,Active,Medium,5,495,64.35
CUST0264,2025-08-24,Enterprise,USA,Healthcare,YouTube,299,92,65,149,8,4.3,Active,Medium,9,2691,194.35
CUST0265,2026-02-23,Enterprise,Canada,Healthcare,Google Ads,299,449,153,108,0,3.2,Active,Medium,3,897,194.35
CUST0266,2024-11-07,Basic,Canada,Retail,YouTube,29,163,62,55,2,3.6,Active,Medium,19,551,18.85
CUST0267,2025-07-24,Basic,Australia,Education,YouTube,29,106,253,23,1,3.9,Active,High,10,290,18.85
CUST0268,2025-05-15,Basic,UK,Finance,Organic,29,350,283,249,5,3.4,Active,Low,12,348,18.85
CUST0269,2026-01-18,Pro,India,Finance,Referral,99,498,45,172,2,4.3,Active,High,4,396,64.35
CUST0270,2025-01-11,Pro,UK,Technology,Organic,99,171,91,52,1,4.1,Inactive,High,16,1584,64.35
CUST0271,2026-04-25,Basic,USA,Finance,Google Ads,29,351,287,96,5,3.7,Active,Medium,1,29,18.85
CUST0272,2025-10-05,Basic,Canada,Retail,LinkedIn,29,431,30,240,3,4.4,Active,Medium,7,203,18.85
CUST0273,2025-08-18,Enterprise,Australia,Retail,Google Ads,299,328,88,165,2,4.4,Active,Medium,9,2691,194.35
CUST0274,2025-03-26,Enterprise,Germany,Retail,LinkedIn,299,455,6,127,0,4.4,Active,High,14,4186,194.35
CUST0275,2024-02-26,Basic,Australia,Healthcare,LinkedIn,29,358,37,136,7,4.8,Active,Low,27,783,18.85
CUST0276,2025-03-29,Basic,Germany,Education,YouTube,29,22,105,210,7,3.7,Active,Low,14,406,18.85
CUST0277,2025-10-02,Basic,Australia,Education,YouTube,29,293,46,226,0,3.8,Active,High,8,232,18.85
CUST0278,2025-08-07,Pro,Germany,Finance,LinkedIn,99,309,75,112,4,4.0,Inactive,Medium,9,891,64.35
CUST0279,2025-04-03,Basic,Canada,Education,YouTube,29,398,195,181,8,4.3,Active,High,14,406,18.85
CUST0280,2025-02-09,Basic,India,Healthcare,Organic,29,245,108,71,8,3.4,Active,High,15,435,18.85
CUST0281,2025-06-27,Pro,Germany,Technology,Google Ads,99,116,288,176,7,4.0,Active,Low,11,1089,64.35
CUST0282,2025-08-25,Pro,Germany,Technology,YouTube,99,485,42,150,7,3.8,Active,Low,9,891,64.35
CUST0283,2024-04-27,Pro,Canada,Technology,LinkedIn,99,407,57,165,7,4.4,Inactive,High,25,2475,64.35
CUST0284,2025-07-30,Enterprise,India,Education,Google Ads,299,118,34,126,6,3.3,Active,Low,10,2990,194.35
CUST0285,2024-08-06,Basic,USA,Technology,Google Ads,29,324,223,122,1,4.4,Active,High,22,638,18.85
CUST0286,2024-12-29,Enterprise,USA,Education,YouTube,299,465,10,48,4,4.7,Active,Low,17,5083,194.35
CUST0287,2026-01-09,Pro,UK,Technology,Google Ads,99,202,56,130,5,4.2,Active,High,4,396,64.35
CUST0288,2025-11-22,Basic,Canada,Finance,Google Ads,29,486,233,67,0,3.4,Active,High,6,174,18.85
CUST0289,2026-03-30,Basic,Canada,Healthcare,YouTube,29,57,153,71,10,4.1,Active,High,2,58,18.85
CUST0290,2025-12-07,Enterprise,USA,Retail,YouTube,299,295,12,199,0,4.9,Active,Medium,5,1495,194.35
CUST0291,2026-03-30,Basic,Australia,Retail,Referral,29,36,205,219,7,3.4,Active,Low,2,58,18.85
CUST0292,2025-06-13,Basic,Germany,Finance,LinkedIn,29,332,164,24,2,4.1,Active,High,11,319,18.85
CUST0293,2026-01-14,Basic,UK,Technology,Referral,29,204,186,124,5,3.9,Active,Low,4,116,18.85
CUST0294,2024-09-11,Basic,UK,Retail,Organic,29,30,79,122,10,4.2,Inactive,Low,20,580,18.85
CUST0295,2024-12-31,Basic,India,Healthcare,Referral,29,154,76,150,0,4.2,Active,High,17,493,18.85
CUST0296,2024-04-11,Pro,India,Education,Organic,99,344,126,97,2,4.6,Active,High,26,2574,64.35
CUST0297,2025-10-12,Pro,Australia,Education,Organic,99,280,212,67,5,4.1,Active,Low,7,693,64.35
CUST0298,2025-05-08,Enterprise,USA,Healthcare,Google Ads,299,420,125,133,5,3.5,Active,Low,12,3588,194.35
CUST0299,2025-04-09,Enterprise,India,Healthcare,Organic,299,363,159,108,2,4.1,Active,High,13,3887,194.35
CUST0300,2026-01-14,Pro,Germany,Finance,YouTube,99,149,179,151,1,4.9,Active,Low,4,396,64.35
CUST0301,2024-12-27,Basic,UK,Healthcare,Organic,29,317,224,124,1,4.5,Active,Medium,17,493,18.85
CUST0302,2024-01-24,Enterprise,Canada,Retail,LinkedIn,299,299,15,199,3,3.5,Active,Low,28,8372,194.35
CUST0303,2025-05-28,Enterprise,India,Finance,Google Ads,299,164,34,170,2,3.5,Active,High,12,3588,194.35
CUST0304,2025-08-12,Pro,India,Education,Google Ads,99,468,143,92,8,3.0,Active,High,9,891,64.35
CUST0305,2026-02-06,Basic,Canada,Finance,Google Ads,29,187,177,11,2,3.8,Active,Low,3,87,18.85
CUST0306,2026-03-05,Pro,UK,Technology,Organic,99,191,242,131,0,3.8,Inactive,Low,2,198,64.35
CUST0307,2025-12-28,Basic,USA,Technology,Google Ads,29,334,14,190,2,3.3,Active,Low,5,145,18.85
CUST0308,2025-03-09,Basic,Germany,Technology,Organic,29,205,289,93,2,4.2,Active,High,14,406,18.85
CUST0309,2024-09-21,Basic,Australia,Retail,YouTube,29,336,163,213,10,4.5,Active,High,20,580,18.85
CUST0310,2025-06-26,Basic,Australia,Education,LinkedIn,29,287,290,245,7,3.5,Active,Low,11,319,18.85
CUST0311,2025-02-14,Enterprise,Germany,Technology,LinkedIn,299,136,73,198,1,4.9,Inactive,Low,15,4485,194.35
CUST0312,2024-09-22,Pro,India,Education,LinkedIn,99,113,95,245,2,4.5,Active,High,20,1980,64.35
CUST0313,2025-05-25,Basic,UK,Finance,Google Ads,29,460,204,59,7,3.7,Active,Low,12,348,18.85
CUST0314,2024-03-08,Pro,Germany,Retail,Referral,99,27,184,211,0,3.8,Active,Low,27,2673,64.35
CUST0315,2025-11-03,Enterprise,Canada,Healthcare,LinkedIn,299,212,15,165,4,3.1,Inactive,High,7,2093,194.35
CUST0316,2026-02-16,Basic,USA,Retail,Organic,29,186,260,113,3,3.6,Active,High,3,87,18.85
CUST0317,2026-04-22,Enterprise,UK,Technology,YouTube,299,89,253,81,3,3.7,Active,Low,1,299,194.35
CUST0318,2025-08-16,Enterprise,USA,Retail,LinkedIn,299,128,189,18,0,3.4,Inactive,Medium,9,2691,194.35
CUST0319,2025-12-02,Enterprise,USA,Technology,Organic,299,172,9,11,2,3.3,Active,Medium,6,1794,194.35
CUST0320,2025-04-20,Basic,Germany,Healthcare,LinkedIn,29,106,208,179,5,3.8,Active,Low,13,377,18.85
CUST0321,2024-01-16,Pro,India,Finance,Google Ads,99,373,299,14,6,4.2,Active,High,28,2772,64.35
CUST0322,2024-03-07,Enterprise,India,Healthcare,LinkedIn,299,182,74,229,8,4.9,Active,Medium,27,8073,194.35
CUST0323,2025-10-10,Pro,India,Education,LinkedIn,99,95,276,193,5,5.0,Active,Medium,7,693,64.35
CUST0324,2024-08-17,Enterprise,India,Finance,LinkedIn,299,472,12,192,4,4.4,Active,Medium,21,6279,194.35
CUST0325,2026-03-19,Pro,Canada,Technology,Organic,99,228,171,147,0,3.5,Inactive,High,2,198,64.35
CUST0326,2025-02-24,Pro,Canada,Retail,LinkedIn,99,373,221,228,5,3.5,Active,High,15,1485,64.35
CUST0327,2025-02-23,Basic,Germany,Education,YouTube,29,217,7,210,3,5.0,Active,High,15,435,18.85
CUST0328,2026-04-25,Pro,Australia,Technology,Organic,99,143,22,55,0,3.2,Active,Medium,1,99,64.35
CUST0329,2025-07-16,Pro,Australia,Retail,YouTube,99,246,5,176,7,4.9,Active,High,10,990,64.35
CUST0330,2025-01-24,Basic,India,Retail,YouTube,29,299,198,65,5,4.6,Active,High,16,464,18.85
CUST0331,2025-11-24,Basic,Germany,Education,Organic,29,357,283,216,10,4.3,Active,Low,6,174,18.85
CUST0332,2026-01-08,Enterprise,Germany,Education,YouTube,299,262,118,94,2,4.0,Active,Low,4,1196,194.35
CUST0333,2026-04-12,Basic,Australia,Finance,Organic,29,106,240,98,2,3.3,Active,High,1,29,18.85
CUST0334,2026-04-17,Basic,UK,Education,YouTube,29,446,133,114,6,3.3,Active,Low,1,29,18.85
CUST0335,2025-11-09,Pro,Australia,Retail,LinkedIn,99,251,233,27,1,3.6,Active,Medium,6,594,64.35
CUST0336,2024-01-07,Pro,Germany,Education,Referral,99,96,126,179,9,4.0,Active,Medium,29,2871,64.35
CUST0337,2024-07-24,Basic,Germany,Education,Organic,29,304,96,5,4,3.1,Active,High,22,638,18.85
CUST0338,2025-03-24,Basic,Canada,Education,YouTube,29,155,50,28,3,4.0,Active,Low,14,406,18.85
CUST0339,2024-02-14,Pro,Australia,Technology,Organic,99,491,156,188,6,3.7,Active,Medium,27,2673,64.35
CUST0340,2025-08-15,Basic,USA,Education,Google Ads,29,217,195,38,1,3.4,Inactive,High,9,261,18.85
CUST0341,2025-01-23,Basic,Germany,Retail,Referral,29,248,18,105,1,4.0,Active,High,16,464,18.85
CUST0342,2025-02-28,Pro,Germany,Finance,LinkedIn,99,243,208,126,7,3.1,Active,Low,15,1485,64.35
CUST0343,2025-07-08,Pro,India,Finance,LinkedIn,99,225,174,15,6,3.6,Inactive,Medium,10,990,64.35
CUST0344,2026-04-17,Pro,India,Healthcare,Organic,99,312,115,8,9,3.2,Active,Medium,1,99,64.35
CUST0345,2025-07-17,Basic,Australia,Healthcare,Organic,29,48,76,181,6,4.7,Active,Low,10,290,18.85
CUST0346,2024-01-07,Basic,Canada,Education,Organic,29,285,139,52,1,3.5,Inactive,Medium,29,841,18.85
CUST0347,2025-03-06,Pro,UK,Education,LinkedIn,99,281,199,179,6,3.6,Active,High,15,1485,64.35
CUST0348,2025-07-03,Basic,UK,Education,LinkedIn,29,126,255,171,9,3.9,Active,Low,11,319,18.85
CUST0349,2025-07-23,Basic,Germany,Education,Google Ads,29,381,277,174,1,3.6,Active,Medium,10,290,18.85
CUST0350,2025-03-25,Basic,Canada,Healthcare,LinkedIn,29,427,237,79,6,3.4,Active,High,14,406,18.85
CUST0351,2025-10-16,Basic,USA,Finance,YouTube,29,242,41,36,9,4.7,Active,Medium,7,203,18.85
CUST0352,2025-05-25,Pro,USA,Healthcare,LinkedIn,99,104,155,61,3,4.3,Active,High,12,1188,64.35
CUST0353,2024-04-07,Pro,UK,Retail,Referral,99,258,217,56,3,4.9,Active,High,26,2574,64.35
CUST0354,2025-12-13,Basic,UK,Technology,LinkedIn,29,49,155,39,3,4.7,Active,High,5,145,18.85
CUST0355,2024-11-28,Basic,UK,Retail,LinkedIn,29,152,123,145,6,3.3,Active,Low,18,522,18.85
CUST0356,2025-11-01,Pro,UK,Retail,Google Ads,99,134,81,144,2,3.4,Active,Medium,7,693,64.35
CUST0357,2024-05-05,Basic,UK,Retail,Organic,29,200,273,173,8,5.0,Inactive,Low,25,725,18.85
CUST0358,2025-05-23,Basic,Germany,Technology,YouTube,29,420,253,232,4,3.2,Inactive,Medium,12,348,18.85
CUST0359,2024-05-23,Pro,India,Technology,YouTube,99,123,121,125,9,4.8,Active,Medium,24,2376,64.35
CUST0360,2024-12-18,Basic,UK,Retail,Referral,29,20,30,54,2,4.3,Inactive,Medium,17,493,18.85
CUST0361,2025-01-07,Basic,India,Technology,Google Ads,29,400,40,50,8,4.7,Active,Medium,17,493,18.85
CUST0362,2025-02-06,Pro,Australia,Healthcare,Referral,99,324,54,123,6,3.1,Active,High,16,1584,64.35
CUST0363,2024-03-19,Pro,India,Education,Google Ads,99,200,189,100,2,4.5,Active,High,26,2574,64.35
CUST0364,2025-05-06,Pro,Canada,Education,YouTube,99,467,127,82,1,3.2,Active,Low,13,1287,64.35
CUST0365,2025-04-24,Pro,USA,Education,Referral,99,186,264,67,4,4.1,Active,Medium,13,1287,64.35
CUST0366,2024-09-02,Pro,India,Retail,YouTube,99,85,53,191,0,4.0,Inactive,Low,21,2079,64.35
CUST0367,2024-08-22,Basic,Canada,Technology,YouTube,29,400,140,27,0,3.3,Active,Medium,21,609,18.85
CUST0368,2024-05-03,Basic,Australia,Finance,LinkedIn,29,311,129,26,9,3.4,Active,High,25,725,18.85
CUST0369,2024-04-10,Basic,India,Retail,YouTube,29,192,94,15,4,4.5,Active,Medium,26,754,18.85
CUST0370,2024-11-21,Enterprise,USA,Technology,LinkedIn,299,25,21,245,1,4.6,Inactive,Low,18,5382,194.35
CUST0371,2026-02-27,Basic,Canada,Finance,Referral,29,196,174,40,1,4.8,Active,Low,3,87,18.85
CUST0372,2024-03-11,Pro,India,Education,YouTube,99,188,30,197,5,3.1,Active,Medium,27,2673,64.35
CUST0373,2025-11-19,Basic,Canada,Technology,LinkedIn,29,272,160,202,0,3.3,Active,High,6,174,18.85
CUST0374,2025-10-17,Basic,India,Finance,Organic,29,442,277,205,10,4.0,Inactive,High,7,203,18.85
CUST0375,2024-08-25,Pro,Australia,Finance,Referral,99,453,126,66,7,3.9,Active,High,21,2079,64.35
CUST0376,2026-03-23,Pro,USA,Education,YouTube,99,222,199,165,6,4.9,Active,Low,2,198,64.35
CUST0377,2026-03-22,Enterprise,Canada,Retail,YouTube,299,238,13,83,1,4.0,Active,Medium,2,598,194.35
CUST0378,2024-12-09,Basic,UK,Education,Google Ads,29,94,243,144,9,3.7,Active,Low,17,493,18.85
CUST0379,2025-12-19,Enterprise,Australia,Finance,Referral,299,115,128,232,1,4.3,Active,Low,5,1495,194.35
CUST0380,2025-02-03,Pro,Germany,Retail,Organic,99,114,90,74,3,3.3,Active,Medium,16,1584,64.35
CUST0381,2025-06-02,Basic,India,Finance,LinkedIn,29,468,88,207,6,3.4,Inactive,High,12,348,18.85
CUST0382,2025-04-10,Basic,Germany,Technology,Referral,29,145,185,149,10,3.5,Active,Low,13,377,18.85
CUST0383,2024-09-16,Basic,UK,Education,Organic,29,405,174,175,7,4.0,Active,Medium,20,580,18.85
CUST0384,2025-12-03,Pro,Canada,Education,Google Ads,99,343,35,101,10,4.6,Inactive,Medium,6,594,64.35
CUST0385,2025-11-30,Basic,Germany,Retail,Google Ads,29,447,267,35,2,3.9,Active,High,6,174,18.85
CUST0386,2024-05-20,Enterprise,Germany,Technology,Google Ads,299,267,78,6,3,4.8,Inactive,High,24,7176,194.35
CUST0387,2026-02-04,Enterprise,India,Retail,YouTube,299,108,128,155,4,3.6,Active,High,3,897,194.35
CUST0388,2024-03-27,Enterprise,UK,Education,LinkedIn,299,352,257,211,5,4.3,Inactive,High,26,7774,194.35
CUST0389,2026-04-25,Pro,India,Healthcare,Organic,99,273,76,17,3,3.7,Active,High,1,99,64.35
CUST0390,2025-11-28,Pro,USA,Education,Organic,99,107,201,84,5,4.2,Inactive,High,6,594,64.35
CUST0391,2024-07-21,Enterprise,UK,Retail,Organic,299,263,60,163,10,3.9,Active,Medium,22,6578,194.35
CUST0392,2024-09-30,Basic,Australia,Healthcare,Organic,29,261,235,33,8,4.8,Active,Medium,20,580,18.85
CUST0393,2026-02-14,Basic,Canada,Education,Referral,29,162,215,142,1,4.1,Active,Medium,3,87,18.85
CUST0394,2025-10-07,Pro,Germany,Education,Organic,99,167,26,36,8,4.5,Active,High,7,693,64.35
CUST0395,2024-09-28,Pro,Canada,Finance,Organic,99,204,54,67,9,4.8,Inactive,High,20,1980,64.35
CUST0396,2026-01-10,Basic,UK,Retail,Referral,29,110,211,167,6,3.2,Active,High,4,116,18.85
CUST0397,2024-12-24,Basic,Australia,Education,LinkedIn,29,192,277,226,8,4.7,Active,Medium,17,493,18.85
CUST0398,2024-03-08,Basic,Germany,Retail,Referral,29,369,298,241,10,4.0,Active,Low,27,783,18.85
CUST0399,2024-10-07,Basic,Australia,Healthcare,YouTube,29,393,72,206,2,4.6,Active,Low,20,580,18.85
CUST0400,2024-02-04,Basic,Australia,Retail,YouTube,29,164,200,195,4,4.9,Inactive,Low,28,812,18.85
CUST0401,2024-03-09,Enterprise,USA,Education,Google Ads,299,384,144,202,9,4.6,Active,Low,27,8073,194.35
CUST0402,2026-04-01,Basic,USA,Finance,Referral,29,311,41,25,1,4.4,Active,Medium,2,58,18.85
CUST0403,2025-04-02,Pro,India,Technology,Referral,99,91,289,75,9,5.0,Active,Low,14,1386,64.35
CUST0404,2024-10-28,Basic,USA,Technology,LinkedIn,29,134,276,166,9,4.9,Inactive,Low,19,551,18.85
CUST0405,2025-08-14,Basic,UK,Retail,Organic,29,434,93,142,0,3.4,Active,High,9,261,18.85
CUST0406,2024-10-07,Basic,Canada,Healthcare,Google Ads,29,342,204,190,8,3.2,Active,High,20,580,18.85
CUST0407,2024-12-03,Pro,Canada,Retail,YouTube,99,292,249,173,9,3.1,Inactive,Low,18,1782,64.35
CUST0408,2025-09-22,Basic,Germany,Finance,Referral,29,194,104,53,1,3.3,Active,High,8,232,18.85
CUST0409,2025-12-21,Pro,India,Technology,Google Ads,99,424,291,195,4,3.5,Active,High,5,495,64.35
CUST0410,2025-03-03,Basic,UK,Healthcare,YouTube,29,125,280,8,4,4.3,Active,High,15,435,18.85
CUST0411,2024-11-09,Pro,Australia,Retail,Google Ads,99,201,186,31,6,3.4,Active,Low,18,1782,64.35
CUST0412,2024-06-06,Basic,Canada,Healthcare,Google Ads,29,459,47,98,5,3.9,Active,Medium,24,696,18.85
CUST0413,2025-06-04,Pro,UK,Technology,Referral,99,148,15,104,3,3.5,Active,High,12,1188,64.35
CUST0414,2025-01-28,Pro,India,Healthcare,YouTube,99,391,73,46,2,4.7,Active,Low,16,1584,64.35
CUST0415,2024-01-10,Pro,Germany,Technology,Google Ads,99,34,242,213,0,4.6,Active,Low,29,2871,64.35
CUST0416,2025-10-01,Enterprise,USA,Education,Referral,299,193,110,148,0,4.0,Inactive,Low,8,2392,194.35
CUST0417,2025-08-28,Enterprise,Australia,Retail,Google Ads,299,70,238,229,9,3.4,Active,High,9,2691,194.35
CUST0418,2024-02-25,Pro,Australia,Retail,YouTube,99,388,127,225,10,3.8,Active,Medium,27,2673,64.35
CUST0419,2025-05-24,Basic,Germany,Healthcare,Google Ads,29,485,122,158,0,4.4,Active,Medium,12,348,18.85
CUST0420,2024-07-23,Basic,Australia,Finance,YouTube,29,484,210,210,3,3.9,Active,Low,22,638,18.85
CUST0421,2025-02-27,Pro,India,Healthcare,LinkedIn,99,490,250,72,1,3.9,Active,High,15,1485,64.35
CUST0422,2025-09-22,Pro,India,Technology,Google Ads,99,103,200,136,0,4.0,Active,Low,8,792,64.35
CUST0423,2025-09-19,Pro,Germany,Education,Referral,99,337,32,157,10,4.1,Active,High,8,792,64.35
CUST0424,2025-07-27,Basic,India,Healthcare,Referral,29,23,264,195,7,3.4,Active,Low,10,290,18.85
CUST0425,2024-03-29,Enterprise,India,Education,Organic,299,333,49,144,3,4.4,Active,Low,26,7774,194.35
CUST0426,2024-10-29,Basic,India,Finance,Google Ads,29,410,176,42,3,4.2,Active,Low,19,551,18.85
CUST0427,2026-02-24,Basic,Australia,Healthcare,Google Ads,29,374,213,158,9,3.8,Active,High,3,87,18.85
CUST0428,2024-03-01,Enterprise,USA,Technology,Organic,299,448,74,188,6,4.3,Active,Low,27,8073,194.35
CUST0429,2024-05-17,Basic,India,Healthcare,Referral,29,381,19,69,5,4.7,Active,Medium,24,696,18.85
CUST0430,2025-11-02,Basic,India,Retail,YouTube,29,354,171,243,4,4.2,Active,Low,7,203,18.85
CUST0431,2025-07-11,Basic,India,Technology,LinkedIn,29,138,5,231,3,4.6,Active,Medium,10,290,18.85
CUST0432,2024-11-17,Basic,USA,Healthcare,YouTube,29,442,280,113,1,3.7,Active,Medium,18,522,18.85
CUST0433,2025-07-05,Basic,Australia,Healthcare,LinkedIn,29,359,270,67,10,3.8,Inactive,Low,11,319,18.85
CUST0434,2024-01-14,Basic,Germany,Healthcare,Organic,29,484,95,187,9,4.4,Active,Medium,28,812,18.85
CUST0435,2024-12-15,Pro,Germany,Technology,LinkedIn,99,147,112,70,10,3.2,Inactive,Medium,17,1683,64.35
CUST0436,2024-03-10,Pro,India,Education,Google Ads,99,326,39,182,8,3.2,Active,Low,27,2673,64.35
CUST0437,2026-01-09,Basic,India,Education,Organic,29,77,145,131,7,4.0,Active,Low,4,116,18.85
CUST0438,2025-12-07,Basic,UK,Healthcare,Google Ads,29,376,53,49,7,4.5,Active,Medium,5,145,18.85
CUST0439,2024-08-19,Basic,India,Healthcare,Google Ads,29,421,176,32,4,4.6,Inactive,High,21,609,18.85
CUST0440,2026-03-12,Enterprise,USA,Retail,Google Ads,299,100,139,173,2,3.6,Active,Low,2,598,194.35
CUST0441,2025-01-27,Pro,UK,Finance,Organic,99,49,119,70,0,4.1,Active,Low,16,1584,64.35
CUST0442,2024-12-29,Enterprise,UK,Healthcare,YouTube,299,86,194,98,4,3.4,Active,Medium,17,5083,194.35
CUST0443,2024-09-11,Pro,Australia,Healthcare,LinkedIn,99,466,199,237,0,3.6,Active,Low,20,1980,64.35
CUST0444,2025-01-09,Pro,Australia,Retail,Organic,99,456,8,66,0,3.9,Active,Low,16,1584,64.35
CUST0445,2025-04-28,Basic,Canada,Finance,Referral,29,35,289,117,7,3.2,Active,Low,13,377,18.85
CUST0446,2024-08-24,Basic,Canada,Retail,LinkedIn,29,108,39,114,4,3.2,Active,Medium,21,609,18.85
CUST0447,2024-02-28,Enterprise,Canada,Finance,Google Ads,299,304,115,23,9,4.0,Active,High,27,8073,194.35
CUST0448,2024-02-27,Enterprise,India,Retail,Organic,299,288,166,66,3,4.0,Active,Low,27,8073,194.35
CUST0449,2026-03-14,Basic,UK,Education,Google Ads,29,255,167,192,1,4.6,Active,Low,2,58,18.85
CUST0450,2025-05-08,Basic,Canada,Finance,YouTube,29,263,268,70,0,3.0,Active,High,12,348,18.85
CUST0451,2025-05-25,Pro,Australia,Finance,Organic,99,415,79,175,6,4.3,Active,Medium,12,1188,64.35
CUST0452,2024-07-05,Pro,India,Education,Referral,99,353,46,184,7,4.2,Active,Low,23,2277,64.35
CUST0453,2024-07-15,Enterprise,Australia,Healthcare,Google Ads,299,449,38,82,6,4.2,Active,Low,22,6578,194.35
CUST0454,2024-08-26,Basic,Germany,Healthcare,LinkedIn,29,267,256,21,10,4.0,Active,Low,21,609,18.85
CUST0455,2024-11-13,Pro,USA,Education,Referral,99,123,169,205,0,3.5,Active,Medium,18,1782,64.35
CUST0456,2025-08-05,Pro,UK,Technology,Referral,99,31,5,100,2,3.5,Active,High,10,990,64.35
CUST0457,2025-12-29,Basic,USA,Healthcare,YouTube,29,300,66,103,4,3.5,Active,Medium,5,145,18.85
CUST0458,2026-02-10,Basic,Canada,Education,YouTube,29,184,46,19,9,3.8,Active,Medium,3,87,18.85
CUST0459,2024-06-03,Pro,Canada,Finance,Google Ads,99,460,213,249,1,4.9,Active,Low,24,2376,64.35
CUST0460,2024-10-22,Enterprise,Canada,Education,YouTube,299,56,220,197,1,4.7,Inactive,High,19,5681,194.35
CUST0461,2024-09-06,Pro,USA,Retail,Google Ads,99,248,194,132,8,4.2,Active,High,21,2079,64.35
CUST0462,2025-08-07,Pro,Canada,Education,YouTube,99,149,135,102,10,4.4,Active,Low,9,891,64.35
CUST0463,2024-03-16,Basic,UK,Finance,Referral,29,440,246,184,3,4.2,Active,High,26,754,18.85
CUST0464,2026-02-18,Basic,Canada,Finance,LinkedIn,29,367,243,186,5,4.8,Inactive,Low,3,87,18.85
CUST0465,2024-05-17,Pro,Canada,Education,LinkedIn,99,225,189,235,6,3.7,Active,High,24,2376,64.35
CUST0466,2024-08-08,Enterprise,Canada,Finance,Referral,299,347,74,230,6,3.1,Active,High,22,6578,194.35
CUST0467,2025-08-13,Pro,Canada,Finance,LinkedIn,99,190,228,143,5,4.4,Active,Low,9,891,64.35
CUST0468,2025-10-06,Basic,Australia,Technology,LinkedIn,29,79,109,201,10,4.1,Active,Low,7,203,18.85
CUST0469,2024-11-04,Basic,India,Healthcare,Google Ads,29,455,237,171,10,4.6,Active,High,19,551,18.85
CUST0470,2026-01-13,Pro,Australia,Healthcare,Google Ads,99,231,7,148,2,3.1,Active,Low,4,396,64.35
CUST0471,2024-09-28,Basic,India,Finance,LinkedIn,29,109,14,235,0,5.0,Active,Low,20,580,18.85
CUST0472,2024-03-16,Basic,India,Finance,Organic,29,191,250,138,4,3.6,Active,Medium,26,754,18.85
CUST0473,2024-03-05,Basic,Germany,Retail,LinkedIn,29,66,72,164,5,4.9,Active,Medium,27,783,18.85
CUST0474,2025-07-27,Basic,Australia,Finance,LinkedIn,29,495,221,211,6,3.3,Active,Medium,10,290,18.85
CUST0475,2026-04-01,Basic,USA,Technology,Google Ads,29,56,102,125,7,4.2,Active,Medium,2,58,18.85
CUST0476,2025-08-01,Pro,Canada,Healthcare,Organic,99,261,115,116,1,3.4,Active,High,10,990,64.35
CUST0477,2025-06-29,Pro,UK,Healthcare,Referral,99,287,17,89,3,3.1,Active,High,11,1089,64.35
CUST0478,2024-07-07,Pro,India,Healthcare,Referral,99,481,138,57,2,5.0,Inactive,Low,23,2277,64.35
CUST0479,2025-12-21,Pro,Germany,Education,Google Ads,99,443,163,188,6,4.4,Active,Medium,5,495,64.35
CUST0480,2024-04-01,Pro,USA,Retail,Google Ads,99,181,82,80,2,4.0,Active,High,26,2574,64.35
CUST0481,2026-03-14,Basic,India,Finance,Google Ads,29,81,248,134,8,4.7,Active,Medium,2,58,18.85
CUST0482,2025-05-10,Pro,Canada,Retail,Organic,99,243,118,22,7,4.3,Active,Medium,12,1188,64.35
CUST0483,2026-01-12,Pro,UK,Healthcare,Google Ads,99,419,238,244,1,3.1,Active,High,4,396,64.35
CUST0484,2025-07-24,Enterprise,India,Education,Referral,299,485,22,38,4,4.4,Active,High,10,2990,194.35
CUST0485,2025-02-07,Pro,Australia,Healthcare,YouTube,99,94,31,183,0,4.9,Active,Medium,15,1485,64.35
CUST0486,2024-11-19,Basic,USA,Retail,Referral,29,56,213,46,2,4.2,Active,Low,18,522,18.85
CUST0487,2024-05-06,Pro,Australia,Retail,Referral,99,205,64,233,1,4.9,Active,Medium,25,2475,64.35
CUST0488,2025-09-10,Basic,USA,Retail,Google Ads,29,114,108,212,2,3.9,Active,High,8,232,18.85
CUST0489,2024-12-12,Enterprise,UK,Education,LinkedIn,299,282,245,210,2,3.5,Active,High,17,5083,194.35
CUST0490,2024-12-15,Pro,UK,Finance,Organic,99,454,5,179,3,3.8,Active,High,17,1683,64.35
CUST0491,2024-02-08,Pro,UK,Education,YouTube,99,480,167,248,4,3.5,Inactive,Medium,28,2772,64.35
CUST0492,2024-10-17,Basic,USA,Finance,LinkedIn,29,213,215,33,10,3.0,Inactive,High,19,551,18.85
CUST0493,2024-11-10,Pro,USA,Technology,Organic,99,436,228,69,4,3.7,Active,Low,18,1782,64.35
CUST0494,2024-12-19,Pro,Australia,Finance,YouTube,99,48,76,234,10,4.7,Active,High,17,1683,64.35
CUST0495,2025-04-26,Enterprise,USA,Finance,Google Ads,299,193,114,205,5,4.5,Active,Medium,13,3887,194.35
CUST0496,2024-01-27,Basic,Canada,Finance,LinkedIn,29,473,41,236,9,3.5,Active,Low,28,812,18.85
CUST0497,2025-02-15,Enterprise,Germany,Retail,Organic,299,347,163,84,10,4.9,Active,High,15,4485,194.35
CUST0498,2024-11-15,Enterprise,Germany,Finance,Referral,299,395,59,194,9,4.1,Inactive,High,18,5382,194.35
CUST0499,2025-11-12,Basic,India,Technology,Google Ads,29,26,190,63,10,3.7,Active,High,6,174,18.85
CUST0500,2025-03-18,Basic,UK,Technology,Organic,29,311,52,11,2,3.9,Active,High,14,406,18.85
CUST0501,2026-02-01,Basic,Australia,Finance,Referral,29,426,226,159,2,3.4,Active,Medium,4,116,18.85
CUST0502,2024-12-02,Basic,Australia,Healthcare,YouTube,29,174,284,136,8,3.4,Active,Low,18,522,18.85
CUST0503,2025-07-28,Enterprise,UK,Finance,Google Ads,299,445,287,235,1,3.4,Active,High,10,2990,194.35
CUST0504,2025-05-29,Basic,USA,Technology,LinkedIn,29,31,115,222,8,4.8,Inactive,Medium,12,348,18.85
CUST0505,2025-03-24,Basic,USA,Retail,LinkedIn,29,343,137,210,9,3.3,Active,Medium,14,406,18.85
CUST0506,2024-02-25,Pro,UK,Healthcare,YouTube,99,259,89,28,3,4.6,Active,High,27,2673,64.35
CUST0507,2025-09-09,Pro,Germany,Healthcare,Organic,99,138,61,49,7,3.4,Inactive,High,8,792,64.35
CUST0508,2025-06-07,Pro,Australia,Retail,LinkedIn,99,237,49,18,1,3.0,Active,High,11,1089,64.35
CUST0509,2025-10-16,Basic,USA,Retail,Organic,29,107,130,60,3,3.7,Inactive,Low,7,203,18.85
CUST0510,2024-11-13,Pro,UK,Finance,YouTube,99,175,77,46,3,3.9,Active,High,18,1782,64.35
CUST0511,2025-05-06,Basic,Canada,Technology,LinkedIn,29,233,253,220,7,4.9,Active,Medium,13,377,18.85
CUST0512,2024-05-28,Basic,India,Education,Referral,29,280,201,133,1,3.1,Active,Medium,24,696,18.85
CUST0513,2025-12-08,Basic,India,Retail,Organic,29,380,298,220,8,3.3,Active,Low,5,145,18.85
CUST0514,2025-11-25,Pro,Australia,Finance,LinkedIn,99,384,85,107,8,4.2,Inactive,High,6,594,64.35
CUST0515,2025-02-12,Pro,Germany,Technology,Referral,99,367,117,207,5,4.1,Active,Low,15,1485,64.35
CUST0516,2024-04-28,Pro,Canada,Retail,Referral,99,166,18,39,9,4.6,Inactive,Medium,25,2475,64.35
CUST0517,2024-01-21,Basic,India,Education,Organic,29,286,171,94,10,4.6,Active,Medium,28,812,18.85
CUST0518,2025-08-01,Basic,Australia,Technology,Google Ads,29,331,203,206,1,3.0,Inactive,Medium,10,290,18.85
CUST0519,2024-10-21,Basic,USA,Healthcare,Google Ads,29,190,198,215,0,4.9,Active,Low,19,551,18.85
CUST0520,2024-05-30,Pro,Australia,Finance,LinkedIn,99,91,140,84,1,3.1,Active,High,24,2376,64.35
CUST0521,2024-04-01,Pro,Canada,Retail,Referral,99,492,103,202,0,3.9,Inactive,High,26,2574,64.35
CUST0522,2025-12-26,Basic,India,Healthcare,Google Ads,29,466,159,197,0,3.3,Active,Low,5,145,18.85
CUST0523,2025-12-26,Basic,USA,Technology,Organic,29,187,87,182,1,3.2,Active,Low,5,145,18.85
CUST0524,2025-01-04,Pro,Canada,Healthcare,Referral,99,121,205,35,6,3.9,Inactive,Medium,17,1683,64.35
CUST0525,2025-12-23,Enterprise,Australia,Finance,Referral,299,364,82,235,5,3.4,Active,High,5,1495,194.35
CUST0526,2024-02-04,Pro,Canada,Finance,YouTube,99,368,299,205,0,4.6,Active,Medium,28,2772,64.35
CUST0527,2025-02-09,Pro,Canada,Healthcare,Referral,99,358,292,135,8,4.7,Inactive,Low,15,1485,64.35
CUST0528,2024-01-05,Basic,Canada,Healthcare,YouTube,29,350,268,133,0,4.6,Active,Medium,29,841,18.85
CUST0529,2025-02-22,Basic,USA,Education,LinkedIn,29,359,87,90,5,4.9,Inactive,Medium,15,435,18.85
CUST0530,2025-09-21,Pro,Germany,Education,YouTube,99,423,172,215,5,4.2,Active,High,8,792,64.35
CUST0531,2025-07-13,Basic,USA,Retail,Google Ads,29,313,47,130,7,4.7,Inactive,Low,10,290,18.85
CUST0532,2024-10-28,Pro,USA,Finance,Referral,99,484,7,155,1,4.4,Active,High,19,1881,64.35
CUST0533,2025-09-12,Basic,Canada,Education,Google Ads,29,78,136,228,1,4.8,Active,High,8,232,18.85
CUST0534,2026-01-09,Basic,Germany,Technology,YouTube,29,447,147,81,5,4.3,Active,Low,4,116,18.85
CUST0535,2025-12-10,Basic,Australia,Retail,Google Ads,29,312,167,211,6,3.6,Active,High,5,145,18.85
CUST0536,2024-05-28,Basic,Australia,Retail,LinkedIn,29,448,281,212,2,3.1,Active,Medium,24,696,18.85
CUST0537,2024-02-04,Basic,Germany,Retail,Google Ads,29,279,22,118,3,3.2,Active,Medium,28,812,18.85
CUST0538,2025-09-15,Pro,Germany,Education,Organic,99,195,66,52,10,4.3,Inactive,Low,8,792,64.35
CUST0539,2024-08-16,Basic,USA,Technology,Organic,29,484,137,126,0,3.4,Inactive,Low,21,609,18.85
CUST0540,2024-03-05,Enterprise,Canada,Retail,Organic,299,414,232,166,3,4.2,Active,Low,27,8073,194.35
CUST0541,2025-01-27,Pro,USA,Technology,Google Ads,99,401,276,64,3,4.0,Active,Medium,16,1584,64.35
CUST0542,2024-06-20,Pro,UK,Finance,YouTube,99,227,257,239,4,3.9,Active,High,23,2277,64.35
CUST0543,2024-12-02,Basic,Canada,Technology,Organic,29,321,199,46,1,3.2,Active,Low,18,522,18.85
CUST0544,2025-08-14,Enterprise,India,Education,Referral,299,217,167,145,3,4.5,Active,Medium,9,2691,194.35
CUST0545,2026-03-07,Pro,Germany,Healthcare,Organic,99,308,251,247,10,4.4,Inactive,Low,2,198,64.35
CUST0546,2024-11-03,Basic,USA,Technology,Google Ads,29,117,37,80,6,3.5,Inactive,Low,19,551,18.85
CUST0547,2025-11-09,Basic,India,Healthcare,YouTube,29,279,61,35,10,3.5,Active,Medium,6,174,18.85
CUST0548,2024-09-29,Pro,Australia,Finance,YouTube,99,20,148,17,5,3.2,Inactive,High,20,1980,64.35
CUST0549,2025-12-28,Basic,USA,Finance,LinkedIn,29,482,298,155,3,3.4,Active,Low,5,145,18.85
CUST0550,2025-08-22,Enterprise,India,Finance,YouTube,299,156,201,230,6,4.9,Active,High,9,2691,194.35
CUST0551,2024-04-23,Pro,Australia,Finance,Google Ads,99,237,80,217,6,3.5,Active,Medium,25,2475,64.35
CUST0552,2025-09-30,Enterprise,UK,Education,Organic,299,238,192,141,8,3.3,Active,Low,8,2392,194.35
CUST0553,2024-06-10,Pro,Germany,Technology,YouTube,99,103,68,43,2,4.2,Active,Medium,24,2376,64.35
CUST0554,2025-02-26,Basic,USA,Healthcare,Google Ads,29,274,34,123,3,3.0,Active,Medium,15,435,18.85
CUST0555,2024-12-31,Basic,Canada,Finance,LinkedIn,29,441,203,66,6,4.7,Active,Medium,17,493,18.85
CUST0556,2024-02-20,Enterprise,USA,Finance,Organic,299,447,24,120,9,3.5,Inactive,Low,27,8073,194.35
CUST0557,2026-02-11,Basic,Canada,Healthcare,LinkedIn,29,189,162,27,1,3.2,Active,High,3,87,18.85
CUST0558,2024-11-28,Basic,India,Retail,Google Ads,29,241,224,243,2,4.4,Inactive,High,18,522,18.85
CUST0559,2025-10-25,Enterprise,India,Education,Google Ads,299,396,34,195,4,4.3,Active,High,7,2093,194.35
CUST0560,2026-02-05,Basic,Canada,Education,Referral,29,400,122,188,10,3.8,Active,Low,3,87,18.85
CUST0561,2025-04-23,Basic,India,Technology,Organic,29,482,56,5,3,4.3,Active,Medium,13,377,18.85
CUST0562,2024-09-11,Enterprise,Australia,Retail,Google Ads,299,191,24,73,6,3.7,Active,Medium,20,5980,194.35
CUST0563,2024-02-28,Basic,Australia,Retail,Organic,29,56,56,144,6,3.5,Active,High,27,783,18.85
CUST0564,2025-05-22,Basic,India,Retail,Referral,29,362,247,149,2,3.6,Active,Low,12,348,18.85
CUST0565,2024-01-26,Basic,UK,Healthcare,Google Ads,29,371,28,183,1,5.0,Active,Low,28,812,18.85
CUST0566,2024-10-01,Basic,Canada,Retail,LinkedIn,29,390,213,94,4,4.7,Active,Low,20,580,18.85
CUST0567,2025-07-10,Basic,Australia,Finance,Google Ads,29,66,84,190,10,3.5,Active,Medium,10,290,18.85
CUST0568,2025-11-18,Pro,Germany,Education,YouTube,99,67,186,61,1,3.1,Active,Medium,6,594,64.35
CUST0569,2025-03-28,Enterprise,UK,Technology,LinkedIn,299,321,294,249,8,4.9,Active,Low,14,4186,194.35
CUST0570,2024-05-09,Basic,Australia,Technology,LinkedIn,29,192,118,100,9,4.1,Active,Medium,25,725,18.85
CUST0571,2025-03-16,Pro,Australia,Retail,Organic,99,234,155,175,4,3.1,Active,Low,14,1386,64.35
CUST0572,2025-12-22,Pro,Canada,Finance,Organic,99,147,283,241,4,4.1,Inactive,Medium,5,495,64.35
CUST0573,2025-11-29,Basic,India,Education,LinkedIn,29,394,161,59,7,4.7,Active,Medium,6,174,18.85
CUST0574,2025-03-18,Pro,Germany,Finance,Organic,99,421,192,172,0,3.5,Active,Medium,14,1386,64.35
CUST0575,2025-03-23,Basic,UK,Retail,Google Ads,29,36,161,160,3,4.3,Active,Medium,14,406,18.85
CUST0576,2026-01-24,Pro,Australia,Healthcare,Organic,99,397,143,52,7,3.7,Active,Low,4,396,64.35
CUST0577,2025-03-25,Pro,UK,Finance,LinkedIn,99,464,98,78,2,3.6,Active,Medium,14,1386,64.35
CUST0578,2024-06-26,Basic,India,Finance,Organic,29,456,82,233,5,3.8,Active,High,23,667,18.85
CUST0579,2025-09-01,Basic,Australia,Education,Google Ads,29,223,100,70,6,3.8,Inactive,Low,9,261,18.85
CUST0580,2024-05-09,Pro,Australia,Technology,YouTube,99,190,110,178,0,4.4,Active,High,25,2475,64.35
CUST0581,2024-07-23,Basic,Germany,Education,Google Ads,29,70,124,186,7,4.8,Inactive,High,22,638,18.85
CUST0582,2025-06-12,Basic,USA,Retail,Organic,29,186,240,169,1,3.2,Inactive,Low,11,319,18.85
CUST0583,2025-01-06,Enterprise,Canada,Healthcare,Organic,299,488,209,8,3,3.2,Inactive,High,17,5083,194.35
CUST0584,2025-10-10,Pro,Australia,Retail,Referral,99,213,160,14,4,4.1,Active,Medium,7,693,64.35
CUST0585,2025-11-10,Enterprise,Germany,Retail,LinkedIn,299,47,94,102,9,4.2,Active,Medium,6,1794,194.35
CUST0586,2024-09-23,Pro,USA,Finance,Google Ads,99,73,51,199,4,3.9,Active,Medium,20,1980,64.35
CUST0587,2024-07-07,Basic,UK,Technology,Organic,29,66,238,99,4,3.8,Active,High,23,667,18.85
CUST0588,2024-04-12,Enterprise,USA,Retail,Organic,299,106,153,135,8,3.2,Active,Low,26,7774,194.35
CUST0589,2025-09-21,Pro,UK,Finance,Organic,99,328,48,148,9,3.6,Active,High,8,792,64.35
CUST0590,2025-10-19,Pro,Canada,Finance,Organic,99,292,63,88,5,4.3,Active,Low,7,693,64.35
CUST0591,2024-06-14,Basic,USA,Healthcare,Referral,29,21,189,174,6,4.1,Active,Medium,23,667,18.85
CUST0592,2025-01-18,Basic,Canada,Finance,Referral,29,489,117,213,5,3.1,Active,High,16,464,18.85
CUST0593,2024-07-21,Pro,Germany,Healthcare,YouTube,99,430,100,143,4,4.3,Active,High,22,2178,64.35
CUST0594,2025-06-05,Pro,Germany,Finance,LinkedIn,99,357,73,227,7,4.1,Active,High,12,1188,64.35
CUST0595,2025-11-25,Basic,Canada,Education,YouTube,29,174,297,56,3,4.2,Active,High,6,174,18.85
CUST0596,2025-01-07,Basic,India,Technology,YouTube,29,456,35,131,10,4.9,Active,Low,17,493,18.85
CUST0597,2025-12-06,Basic,India,Finance,YouTube,29,498,40,136,2,3.5,Active,High,5,145,18.85
CUST0598,2024-03-30,Enterprise,UK,Education,YouTube,299,245,127,217,2,3.9,Active,Low,26,7774,194.35
CUST0599,2025-01-16,Basic,Australia,Education,Organic,29,192,66,21,0,3.0,Inactive,Low,16,464,18.85
CUST0600,2024-03-30,Basic,India,Education,LinkedIn,29,396,148,227,8,4.9,Active,Low,26,754,18.85
CUST0601,2025-11-08,Basic,Germany,Retail,Referral,29,493,78,146,6,4.2,Active,High,6,174,18.85
CUST0602,2026-04-29,Pro,USA,Education,Referral,99,253,143,55,8,3.4,Inactive,Low,1,99,64.35
CUST0603,2024-08-10,Basic,Canada,Finance,YouTube,29,68,266,117,5,3.7,Inactive,High,22,638,18.85
CUST0604,2026-03-27,Pro,Australia,Retail,LinkedIn,99,401,86,229,5,3.8,Active,Medium,2,198,64.35
CUST0605,2025-03-11,Pro,Australia,Healthcare,Organic,99,98,112,240,3,4.9,Active,High,14,1386,64.35
CUST0606,2024-04-06,Pro,Germany,Technology,LinkedIn,99,481,251,72,4,4.3,Active,Medium,26,2574,64.35
CUST0607,2024-01-02,Basic,Germany,Technology,LinkedIn,29,433,75,228,8,3.5,Active,High,29,841,18.85
CUST0608,2024-10-26,Pro,Australia,Retail,LinkedIn,99,107,227,177,7,4.6,Inactive,Medium,19,1881,64.35
CUST0609,2025-02-25,Pro,Canada,Education,LinkedIn,99,99,118,49,10,3.3,Active,Medium,15,1485,64.35
CUST0610,2025-08-14,Basic,Australia,Technology,Referral,29,389,280,220,3,4.0,Active,Medium,9,261,18.85
CUST0611,2024-07-23,Pro,Canada,Healthcare,Organic,99,28,296,118,1,4.5,Active,High,22,2178,64.35
CUST0612,2024-08-21,Pro,India,Healthcare,Organic,99,324,195,245,1,4.3,Active,Medium,21,2079,64.35
CUST0613,2026-04-11,Basic,USA,Healthcare,Google Ads,29,301,298,192,0,3.1,Active,Low,1,29,18.85
CUST0614,2024-03-29,Basic,UK,Healthcare,Referral,29,446,158,72,7,3.5,Active,Low,26,754,18.85
CUST0615,2024-01-09,Basic,USA,Education,Google Ads,29,134,256,34,0,3.2,Active,Low,29,841,18.85
CUST0616,2025-02-25,Basic,Germany,Technology,Referral,29,218,164,171,6,3.8,Inactive,Low,15,435,18.85
CUST0617,2026-02-26,Pro,USA,Finance,YouTube,99,319,96,140,6,4.0,Active,Medium,3,297,64.35
CUST0618,2024-09-07,Basic,India,Education,Referral,29,314,193,147,6,3.2,Active,Low,21,609,18.85
CUST0619,2024-07-16,Pro,USA,Healthcare,Referral,99,451,227,125,10,4.7,Active,High,22,2178,64.35
CUST0620,2024-10-30,Pro,UK,Finance,LinkedIn,99,356,271,10,9,4.4,Active,Low,19,1881,64.35
CUST0621,2024-10-20,Basic,India,Finance,Organic,29,60,284,16,2,3.6,Active,Low,19,551,18.85
CUST0622,2025-01-12,Basic,India,Technology,Referral,29,390,261,185,6,3.8,Active,Low,16,464,18.85
CUST0623,2025-01-27,Basic,Australia,Retail,Referral,29,247,107,32,5,3.5,Active,Medium,16,464,18.85
CUST0624,2024-10-12,Pro,USA,Retail,Referral,99,304,234,218,4,3.1,Active,Low,19,1881,64.35
CUST0625,2025-01-05,Pro,India,Technology,Google Ads,99,161,81,44,4,3.3,Active,Low,17,1683,64.35
CUST0626,2025-09-20,Basic,India,Retail,Organic,29,37,230,118,1,4.6,Active,Low,8,232,18.85
CUST0627,2024-01-20,Pro,India,Healthcare,YouTube,99,438,247,212,1,3.3,Active,Low,28,2772,64.35
CUST0628,2026-04-14,Basic,Canada,Retail,Organic,29,61,41,28,2,4.2,Active,Medium,1,29,18.85
CUST0629,2024-02-18,Pro,India,Finance,Google Ads,99,180,214,149,4,3.2,Active,High,27,2673,64.35
CUST0630,2025-12-11,Basic,UK,Healthcare,YouTube,29,312,147,60,10,4.4,Active,Medium,5,145,18.85
CUST0631,2025-04-12,Basic,Germany,Retail,Organic,29,164,265,154,1,4.1,Active,Low,13,377,18.85
CUST0632,2024-11-20,Basic,Canada,Technology,Organic,29,78,162,135,5,3.6,Active,Low,18,522,18.85
CUST0633,2024-09-03,Pro,Australia,Healthcare,YouTube,99,326,109,116,2,3.5,Inactive,High,21,2079,64.35
CUST0634,2025-12-21,Basic,USA,Finance,Organic,29,151,104,49,6,4.4,Active,Medium,5,145,18.85
CUST0635,2024-07-07,Pro,Canada,Retail,Referral,99,73,219,126,0,4.1,Active,Low,23,2277,64.35
CUST0636,2025-12-13,Basic,Canada,Technology,Referral,29,361,211,148,10,4.3,Active,High,5,145,18.85
CUST0637,2025-06-08,Basic,Australia,Finance,YouTube,29,92,23,204,1,4.1,Active,Low,11,319,18.85
CUST0638,2025-01-03,Enterprise,UK,Technology,Organic,299,446,240,230,7,4.8,Active,Medium,17,5083,194.35
CUST0639,2024-07-07,Enterprise,Germany,Healthcare,Referral,299,475,50,221,2,3.4,Active,High,23,6877,194.35
CUST0640,2025-06-21,Basic,India,Education,LinkedIn,29,72,173,44,4,4.1,Active,Medium,11,319,18.85
CUST0641,2025-03-21,Basic,USA,Retail,Organic,29,26,197,61,0,3.0,Active,Low,14,406,18.85
CUST0642,2024-04-11,Basic,Canada,Education,LinkedIn,29,323,263,123,1,4.2,Active,Low,26,754,18.85
CUST0643,2025-08-10,Enterprise,Germany,Retail,YouTube,299,210,15,13,10,3.2,Inactive,High,9,2691,194.35
CUST0644,2024-06-07,Basic,India,Technology,Organic,29,224,209,234,2,3.5,Active,Low,24,696,18.85
CUST0645,2024-07-17,Pro,Germany,Finance,Google Ads,99,492,29,212,8,4.4,Active,Medium,22,2178,64.35
CUST0646,2026-01-31,Basic,Canada,Retail,Referral,29,381,145,243,6,3.5,Inactive,High,4,116,18.85
CUST0647,2024-11-21,Basic,Australia,Healthcare,LinkedIn,29,310,63,240,3,4.2,Active,High,18,522,18.85
CUST0648,2025-11-14,Basic,Australia,Healthcare,Google Ads,29,272,233,90,7,3.7,Active,Low,6,174,18.85
CUST0649,2024-03-09,Basic,Canada,Healthcare,LinkedIn,29,58,215,120,8,4.8,Active,Low,27,783,18.85
CUST0650,2025-02-24,Pro,Australia,Technology,Google Ads,99,320,217,65,6,4.3,Active,Low,15,1485,64.35
CUST0651,2026-03-17,Basic,India,Retail,Referral,29,330,11,115,0,3.7,Active,Low,2,58,18.85
CUST0652,2024-04-11,Pro,Canada,Technology,Google Ads,99,211,201,154,10,3.6,Active,Medium,26,2574,64.35
CUST0653,2025-01-19,Basic,Canada,Technology,YouTube,29,289,57,31,7,3.8,Active,High,16,464,18.85
CUST0654,2025-09-05,Basic,Canada,Technology,Organic,29,394,160,125,0,5.0,Inactive,High,8,232,18.85
CUST0655,2026-04-25,Pro,India,Education,YouTube,99,21,300,126,7,3.5,Inactive,Medium,1,99,64.35
CUST0656,2024-11-10,Pro,India,Retail,Referral,99,189,209,144,9,4.7,Active,High,18,1782,64.35
CUST0657,2026-01-14,Enterprise,Germany,Finance,Organic,299,344,249,153,4,4.2,Inactive,High,4,1196,194.35
CUST0658,2024-05-31,Enterprise,USA,Education,LinkedIn,299,27,130,87,0,4.4,Active,High,24,7176,194.35
CUST0659,2024-08-19,Pro,USA,Finance,LinkedIn,99,448,171,195,9,4.1,Active,High,21,2079,64.35
CUST0660,2025-01-29,Basic,UK,Finance,YouTube,29,473,94,248,8,4.6,Active,Medium,16,464,18.85
CUST0661,2024-02-23,Basic,Australia,Finance,Organic,29,272,5,244,6,4.7,Active,High,27,783,18.85
CUST0662,2025-01-23,Basic,Canada,Technology,LinkedIn,29,99,25,39,9,4.1,Inactive,Low,16,464,18.85
CUST0663,2026-04-20,Basic,India,Education,Google Ads,29,448,162,35,3,4.9,Active,Low,1,29,18.85
CUST0664,2026-03-02,Enterprise,UK,Retail,LinkedIn,299,113,172,117,2,4.7,Active,Low,3,897,194.35
CUST0665,2025-04-03,Pro,UK,Healthcare,LinkedIn,99,310,98,75,2,4.2,Active,High,14,1386,64.35
CUST0666,2025-11-20,Pro,India,Education,Referral,99,30,8,228,4,4.6,Active,Medium,6,594,64.35
CUST0667,2024-06-12,Pro,India,Finance,Google Ads,99,296,97,118,2,3.7,Active,Low,23,2277,64.35
CUST0668,2024-03-26,Enterprise,India,Finance,Referral,299,225,214,37,10,4.3,Active,Medium,26,7774,194.35
CUST0669,2025-08-24,Basic,Australia,Healthcare,Referral,29,143,237,206,8,3.7,Active,Medium,9,261,18.85
CUST0670,2024-10-15,Basic,USA,Retail,Organic,29,234,171,79,7,3.4,Active,Medium,19,551,18.85
CUST0671,2024-04-01,Basic,Canada,Education,Referral,29,491,232,245,6,3.1,Active,Medium,26,754,18.85
CUST0672,2025-12-18,Basic,Canada,Education,Referral,29,277,102,201,0,4.0,Active,Medium,5,145,18.85
CUST0673,2025-10-13,Pro,Germany,Healthcare,Organic,99,305,84,190,4,4.8,Active,Medium,7,693,64.35
CUST0674,2025-04-24,Basic,USA,Healthcare,Organic,29,445,249,78,9,4.8,Inactive,High,13,377,18.85
CUST0675,2024-01-17,Pro,UK,Healthcare,Referral,99,466,145,110,8,4.6,Active,Medium,28,2772,64.35
CUST0676,2025-02-24,Pro,USA,Education,Referral,99,259,52,191,1,4.6,Active,High,15,1485,64.35
CUST0677,2025-08-13,Basic,India,Healthcare,Google Ads,29,210,226,174,5,4.9,Inactive,Medium,9,261,18.85
CUST0678,2025-08-20,Basic,Germany,Retail,LinkedIn,29,78,216,196,10,5.0,Active,Medium,9,261,18.85
CUST0679,2025-08-28,Basic,Canada,Retail,Google Ads,29,340,133,134,6,3.9,Active,Medium,9,261,18.85
CUST0680,2025-06-07,Enterprise,India,Healthcare,LinkedIn,299,308,33,57,5,4.6,Active,Medium,11,3289,194.35
CUST0681,2025-03-28,Basic,Australia,Healthcare,Google Ads,29,172,26,235,1,4.1,Active,Low,14,406,18.85
CUST0682,2025-06-24,Basic,Australia,Retail,LinkedIn,29,490,77,214,8,3.7,Active,Medium,11,319,18.85
CUST0683,2025-05-13,Basic,USA,Education,LinkedIn,29,60,147,88,5,4.5,Active,Medium,12,348,18.85
CUST0684,2026-04-15,Basic,Australia,Retail,YouTube,29,101,182,200,2,4.4,Active,High,1,29,18.85
CUST0685,2025-01-06,Basic,Canada,Healthcare,YouTube,29,175,56,177,8,3.5,Active,Medium,17,493,18.85
CUST0686,2024-01-10,Pro,USA,Technology,LinkedIn,99,26,195,118,4,3.9,Active,Medium,29,2871,64.35
CUST0687,2025-10-10,Basic,India,Technology,Google Ads,29,390,187,94,6,4.0,Active,Low,7,203,18.85
CUST0688,2025-02-01,Pro,Germany,Technology,LinkedIn,99,374,111,166,6,3.6,Active,High,16,1584,64.35
CUST0689,2025-04-25,Basic,Australia,Healthcare,Referral,29,38,5,202,4,3.7,Inactive,Medium,13,377,18.85
CUST0690,2025-11-15,Pro,Canada,Education,Google Ads,99,339,99,221,3,4.1,Active,Medium,6,594,64.35
CUST0691,2026-01-17,Basic,Germany,Healthcare,Google Ads,29,198,151,54,1,3.3,Active,Medium,4,116,18.85
CUST0692,2025-06-11,Basic,Germany,Education,Organic,29,409,150,110,10,4.8,Active,High,11,319,18.85
CUST0693,2024-01-14,Pro,UK,Finance,Organic,99,393,106,61,6,3.6,Active,Medium,28,2772,64.35
CUST0694,2024-10-05,Basic,Germany,Healthcare,Referral,29,282,193,40,5,3.2,Active,Low,20,580,18.85
CUST0695,2025-04-01,Basic,Germany,Education,YouTube,29,316,26,132,5,4.1,Active,Medium,14,406,18.85
CUST0696,2024-12-03,Basic,USA,Finance,LinkedIn,29,275,55,238,3,4.8,Active,Low,18,522,18.85
CUST0697,2024-05-13,Pro,India,Healthcare,LinkedIn,99,141,260,142,5,4.0,Active,High,24,2376,64.35
CUST0698,2024-07-11,Basic,Canada,Healthcare,YouTube,29,263,145,16,5,3.1,Active,Low,23,667,18.85
CUST0699,2026-03-24,Pro,USA,Technology,Organic,99,109,197,166,2,4.2,Active,Medium,2,198,64.35
CUST0700,2025-05-05,Basic,Canada,Healthcare,LinkedIn,29,497,181,91,0,3.4,Active,Medium,13,377,18.85
CUST0701,2025-12-06,Pro,UK,Healthcare,Google Ads,99,80,119,222,9,4.9,Active,Low,5,495,64.35
CUST0702,2026-01-10,Basic,India,Education,Referral,29,306,215,169,1,4.4,Active,High,4,116,18.85
CUST0703,2025-04-27,Pro,Canada,Healthcare,Google Ads,99,256,284,74,0,3.6,Active,Low,13,1287,64.35
CUST0704,2025-11-24,Basic,Germany,Finance,YouTube,29,196,37,153,10,4.9,Active,Low,6,174,18.85
CUST0705,2025-05-14,Basic,Canada,Technology,Organic,29,289,134,117,4,4.3,Inactive,Low,12,348,18.85
CUST0706,2024-05-19,Pro,India,Technology,Organic,99,158,112,123,3,4.5,Inactive,Low,24,2376,64.35
CUST0707,2025-01-05,Basic,Canada,Technology,Google Ads,29,231,34,247,8,3.9,Inactive,Low,17,493,18.85
CUST0708,2025-05-19,Basic,Germany,Retail,Organic,29,89,267,202,6,3.3,Active,Low,12,348,18.85
CUST0709,2024-04-28,Basic,Germany,Healthcare,YouTube,29,142,55,122,8,3.7,Inactive,High,25,725,18.85
CUST0710,2024-04-04,Basic,India,Finance,Referral,29,28,29,89,6,3.5,Active,Low,26,754,18.85
CUST0711,2025-11-03,Basic,Australia,Healthcare,LinkedIn,29,469,213,183,4,3.4,Inactive,High,7,203,18.85
CUST0712,2025-04-19,Pro,India,Healthcare,Referral,99,324,289,203,3,3.1,Active,Medium,13,1287,64.35
CUST0713,2026-02-04,Basic,USA,Finance,Organic,29,390,269,195,9,4.0,Active,High,3,87,18.85
CUST0714,2025-08-14,Pro,Canada,Finance,Referral,99,272,173,198,6,3.1,Active,High,9,891,64.35
CUST0715,2025-01-05,Basic,India,Retail,Google Ads,29,285,195,137,4,3.9,Active,High,17,493,18.85
CUST0716,2025-02-08,Basic,Germany,Finance,LinkedIn,29,78,192,131,0,4.2,Active,Low,15,435,18.85
CUST0717,2025-12-27,Enterprise,USA,Retail,Organic,299,500,34,78,3,4.3,Inactive,High,5,1495,194.35
CUST0718,2026-03-26,Pro,India,Education,YouTube,99,467,124,236,2,3.8,Active,Medium,2,198,64.35
CUST0719,2026-01-02,Pro,USA,Finance,Referral,99,381,35,206,6,3.3,Active,High,5,495,64.35
CUST0720,2026-03-18,Pro,Germany,Finance,Referral,99,262,71,233,1,4.5,Inactive,High,2,198,64.35
CUST0721,2026-01-05,Basic,Germany,Education,Google Ads,29,277,230,191,5,4.2,Inactive,Low,4,116,18.85
CUST0722,2024-07-05,Basic,India,Finance,Organic,29,436,38,191,5,3.7,Active,High,23,667,18.85
CUST0723,2024-06-28,Basic,Germany,Healthcare,LinkedIn,29,339,234,168,1,4.7,Active,Medium,23,667,18.85
CUST0724,2025-09-25,Enterprise,UK,Retail,LinkedIn,299,294,135,43,9,4.0,Inactive,High,8,2392,194.35
CUST0725,2025-03-25,Basic,USA,Education,LinkedIn,29,379,103,59,7,3.3,Inactive,Low,14,406,18.85
CUST0726,2024-11-08,Basic,Canada,Education,LinkedIn,29,408,84,108,5,5.0,Inactive,Low,19,551,18.85
CUST0727,2024-12-07,Enterprise,Australia,Retail,YouTube,299,288,74,179,2,5.0,Active,Medium,18,5382,194.35
CUST0728,2024-05-20,Pro,Australia,Retail,LinkedIn,99,125,283,50,4,5.0,Active,Low,24,2376,64.35
CUST0729,2024-04-03,Basic,USA,Education,Organic,29,153,260,59,5,3.6,Active,High,26,754,18.85
CUST0730,2026-03-20,Pro,India,Technology,Google Ads,99,366,294,183,10,4.4,Active,High,2,198,64.35
CUST0731,2024-09-21,Basic,Canada,Technology,Organic,29,309,225,226,3,4.6,Active,Low,20,580,18.85
CUST0732,2024-11-08,Basic,Germany,Education,Google Ads,29,454,208,70,10,4.5,Inactive,Medium,19,551,18.85
CUST0733,2025-09-11,Pro,India,Healthcare,Google Ads,99,432,145,169,4,3.6,Active,High,8,792,64.35
CUST0734,2024-12-24,Basic,USA,Technology,YouTube,29,215,142,152,3,3.9,Active,High,17,493,18.85
CUST0735,2024-04-23,Basic,USA,Technology,Referral,29,315,268,146,8,3.5,Active,Medium,25,725,18.85
CUST0736,2024-06-18,Enterprise,Germany,Finance,LinkedIn,299,259,167,15,2,3.2,Active,Low,23,6877,194.35
CUST0737,2026-04-19,Basic,Canada,Healthcare,YouTube,29,170,264,222,10,4.9,Inactive,Low,1,29,18.85
CUST0738,2024-06-28,Pro,Canada,Healthcare,YouTube,99,183,97,39,2,3.9,Active,Medium,23,2277,64.35
CUST0739,2025-02-17,Basic,Australia,Finance,YouTube,29,142,173,99,9,3.2,Active,Medium,15,435,18.85
CUST0740,2025-08-09,Pro,UK,Retail,Google Ads,99,341,54,227,2,3.5,Active,Medium,9,891,64.35
CUST0741,2024-07-03,Pro,USA,Education,Google Ads,99,71,138,185,5,3.8,Inactive,Low,23,2277,64.35
CUST0742,2025-10-29,Basic,UK,Technology,Google Ads,29,195,27,44,5,3.9,Inactive,Medium,7,203,18.85
CUST0743,2024-02-26,Pro,Germany,Education,Referral,99,471,187,95,8,4.1,Active,High,27,2673,64.35
CUST0744,2024-03-13,Basic,India,Finance,YouTube,29,473,104,210,10,4.3,Inactive,Medium,27,783,18.85
CUST0745,2025-07-06,Basic,India,Healthcare,Referral,29,489,51,51,2,4.1,Active,Low,11,319,18.85
CUST0746,2026-04-29,Pro,USA,Healthcare,Referral,99,433,120,182,0,3.5,Active,High,1,99,64.35
CUST0747,2024-06-01,Pro,UK,Finance,LinkedIn,99,414,299,45,6,4.7,Inactive,Medium,24,2376,64.35
CUST0748,2025-07-26,Pro,USA,Technology,Referral,99,175,22,192,5,4.8,Active,Medium,10,990,64.35
CUST0749,2026-04-04,Basic,Germany,Healthcare,Google Ads,29,326,8,174,7,4.9,Active,High,1,29,18.85
CUST0750,2026-04-28,Basic,India,Finance,Referral,29,385,19,215,10,4.1,Active,Medium,1,29,18.85
CUST0751,2025-02-13,Basic,Germany,Retail,YouTube,29,311,45,87,7,4.3,Active,High,15,435,18.85
CUST0752,2025-07-06,Basic,Canada,Finance,YouTube,29,328,116,93,6,4.7,Active,Low,11,319,18.85
CUST0753,2025-07-09,Basic,USA,Healthcare,Organic,29,84,111,113,3,4.3,Inactive,Low,10,290,18.85
CUST0754,2024-10-20,Basic,Australia,Education,YouTube,29,160,292,19,6,3.8,Active,High,19,551,18.85
CUST0755,2024-06-22,Pro,Canada,Technology,Organic,99,385,210,125,0,4.7,Active,Low,23,2277,64.35
CUST0756,2025-06-03,Basic,UK,Education,YouTube,29,460,255,230,2,4.4,Active,Low,12,348,18.85
CUST0757,2024-12-02,Enterprise,UK,Education,Organic,299,76,203,6,9,4.8,Active,Low,18,5382,194.35
CUST0758,2024-06-29,Pro,Australia,Education,LinkedIn,99,92,37,207,7,4.2,Inactive,High,23,2277,64.35
CUST0759,2024-01-03,Enterprise,Germany,Finance,Google Ads,299,73,137,100,5,3.8,Active,Medium,29,8671,194.35
CUST0760,2025-12-13,Enterprise,UK,Finance,Organic,299,155,289,148,6,3.1,Active,High,5,1495,194.35
CUST0761,2024-09-17,Basic,Germany,Retail,Google Ads,29,171,126,9,8,4.2,Active,High,20,580,18.85
CUST0762,2024-03-14,Pro,Canada,Retail,LinkedIn,99,193,78,141,1,3.7,Active,High,26,2574,64.35
CUST0763,2026-01-02,Enterprise,UK,Retail,YouTube,299,494,179,141,7,4.9,Active,High,5,1495,194.35
CUST0764,2026-04-18,Pro,India,Healthcare,Referral,99,454,282,55,8,5.0,Active,High,1,99,64.35
CUST0765,2025-02-25,Basic,Australia,Technology,LinkedIn,29,229,6,221,10,3.9,Active,Low,15,435,18.85
CUST0766,2026-04-06,Basic,Germany,Education,Organic,29,246,94,156,0,4.8,Inactive,Low,1,29,18.85
CUST0767,2024-09-26,Basic,Australia,Healthcare,Google Ads,29,240,235,65,3,3.2,Active,Low,20,580,18.85
CUST0768,2025-03-25,Basic,Canada,Retail,LinkedIn,29,70,166,154,7,3.6,Inactive,Low,14,406,18.85
CUST0769,2025-04-03,Basic,Canada,Finance,Google Ads,29,427,54,52,7,4.4,Active,High,14,406,18.85
CUST0770,2026-03-25,Pro,Canada,Healthcare,YouTube,99,362,216,99,7,3.2,Inactive,Medium,2,198,64.35
CUST0771,2024-07-09,Enterprise,UK,Healthcare,YouTube,299,274,290,243,2,4.1,Active,Medium,23,6877,194.35
CUST0772,2024-08-30,Pro,Canada,Technology,LinkedIn,99,398,205,68,8,4.6,Active,Medium,21,2079,64.35
CUST0773,2024-12-05,Basic,Australia,Retail,Google Ads,29,196,97,21,7,3.2,Active,High,18,522,18.85
CUST0774,2024-02-07,Basic,USA,Education,Referral,29,316,274,138,10,3.1,Active,Low,28,812,18.85
CUST0775,2025-01-01,Basic,USA,Education,YouTube,29,127,139,171,3,4.1,Active,Low,17,493,18.85
CUST0776,2024-11-02,Basic,Germany,Retail,Referral,29,361,60,8,0,4.6,Active,Medium,19,551,18.85
CUST0777,2024-01-17,Basic,India,Healthcare,Referral,29,449,236,239,2,4.2,Active,High,28,812,18.85
CUST0778,2026-02-23,Basic,India,Finance,Google Ads,29,156,152,240,5,3.9,Inactive,Medium,3,87,18.85
CUST0779,2026-03-15,Enterprise,UK,Finance,Referral,299,437,250,6,1,4.7,Active,Low,2,598,194.35
CUST0780,2025-06-28,Basic,Australia,Education,YouTube,29,451,207,217,3,4.9,Active,Low,11,319,18.85
CUST0781,2025-02-28,Basic,Australia,Finance,Google Ads,29,285,89,182,8,4.6,Active,High,15,435,18.85
CUST0782,2024-08-19,Basic,Australia,Healthcare,YouTube,29,139,35,49,5,3.7,Active,Medium,21,609,18.85
CUST0783,2024-07-22,Enterprise,USA,Retail,LinkedIn,299,274,108,184,5,3.0,Active,Medium,22,6578,194.35
CUST0784,2024-12-12,Basic,India,Finance,Google Ads,29,454,295,193,6,3.5,Active,Low,17,493,18.85
CUST0785,2025-05-12,Basic,Australia,Healthcare,YouTube,29,83,21,17,3,3.2,Inactive,Low,12,348,18.85
CUST0786,2025-08-01,Pro,Australia,Retail,LinkedIn,99,337,81,112,10,3.5,Active,Medium,10,990,64.35
CUST0787,2025-04-22,Basic,Germany,Technology,YouTube,29,280,121,20,7,3.4,Inactive,Medium,13,377,18.85
CUST0788,2025-01-10,Pro,USA,Healthcare,Google Ads,99,302,69,171,1,5.0,Active,Low,16,1584,64.35
CUST0789,2024-01-07,Basic,UK,Healthcare,Organic,29,102,110,143,7,3.8,Active,Low,29,841,18.85
CUST0790,2025-01-03,Basic,Australia,Finance,LinkedIn,29,154,163,88,9,3.0,Active,Medium,17,493,18.85
CUST0791,2025-04-13,Basic,Canada,Technology,Google Ads,29,261,74,173,1,4.6,Active,High,13,377,18.85
CUST0792,2025-09-25,Basic,Australia,Finance,LinkedIn,29,114,198,143,8,4.3,Active,Low,8,232,18.85
CUST0793,2024-10-31,Pro,USA,Technology,Referral,99,462,232,24,5,3.2,Inactive,Low,19,1881,64.35
CUST0794,2024-09-23,Basic,Canada,Finance,Referral,29,121,124,108,4,4.3,Active,Medium,20,580,18.85
CUST0795,2024-06-15,Pro,USA,Retail,YouTube,99,114,77,39,8,3.3,Inactive,High,23,2277,64.35
CUST0796,2024-09-04,Enterprise,Australia,Finance,LinkedIn,299,125,184,52,5,3.2,Active,High,21,6279,194.35
CUST0797,2025-06-26,Basic,India,Education,LinkedIn,29,495,294,9,9,3.2,Active,Low,11,319,18.85
CUST0798,2025-06-26,Enterprise,Germany,Healthcare,YouTube,299,235,294,92,6,4.5,Active,High,11,3289,194.35
CUST0799,2025-10-15,Enterprise,Germany,Retail,Referral,299,430,109,242,3,4.9,Inactive,Low,7,2093,194.35
CUST0800,2026-03-11,Enterprise,Australia,Education,Organic,299,240,255,125,6,4.4,Active,Medium,2,598,194.35
CUST0801,2026-03-30,Enterprise,Canada,Education,YouTube,299,243,258,193,0,4.3,Active,Medium,2,598,194.35
CUST0802,2024-06-16,Basic,India,Healthcare,Referral,29,260,255,141,7,3.6,Active,Low,23,667,18.85
CUST0803,2025-05-04,Basic,Australia,Technology,Google Ads,29,198,73,133,7,3.7,Active,Low,13,377,18.85
CUST0804,2024-06-02,Enterprise,India,Healthcare,LinkedIn,299,164,216,95,7,3.6,Active,High,24,7176,194.35
CUST0805,2025-01-12,Enterprise,Germany,Technology,Google Ads,299,483,293,62,7,3.8,Active,High,16,4784,194.35
CUST0806,2026-04-28,Pro,Germany,Finance,Organic,99,324,78,65,8,3.1,Active,High,1,99,64.35
CUST0807,2025-05-16,Basic,USA,Healthcare,Referral,29,349,108,77,4,4.0,Active,High,12,348,18.85
CUST0808,2026-01-30,Basic,Australia,Education,Google Ads,29,269,43,145,6,3.4,Active,High,4,116,18.85
CUST0809,2024-04-12,Basic,UK,Healthcare,Referral,29,475,45,96,7,3.4,Active,Medium,26,754,18.85
CUST0810,2024-06-16,Basic,UK,Retail,Google Ads,29,445,82,183,3,4.1,Inactive,Medium,23,667,18.85
CUST0811,2026-01-09,Basic,Germany,Finance,Organic,29,154,150,240,1,3.5,Active,Medium,4,116,18.85
CUST0812,2024-09-02,Enterprise,India,Healthcare,LinkedIn,299,104,240,169,2,4.0,Active,Medium,21,6279,194.35
CUST0813,2024-12-18,Pro,India,Healthcare,Referral,99,295,31,84,5,4.9,Active,Medium,17,1683,64.35
CUST0814,2024-09-19,Basic,USA,Retail,LinkedIn,29,99,75,204,3,4.8,Active,High,20,580,18.85
CUST0815,2024-11-27,Basic,India,Technology,Referral,29,253,83,137,4,3.4,Active,Medium,18,522,18.85
CUST0816,2024-03-26,Basic,India,Education,Google Ads,29,404,58,113,3,3.3,Inactive,Low,26,754,18.85
CUST0817,2025-02-01,Pro,Germany,Technology,Google Ads,99,415,22,138,8,4.4,Active,Low,16,1584,64.35
CUST0818,2025-04-01,Basic,India,Education,Google Ads,29,402,49,219,1,4.7,Active,Medium,14,406,18.85
CUST0819,2025-10-13,Basic,Canada,Healthcare,YouTube,29,324,185,147,1,4.9,Inactive,High,7,203,18.85
CUST0820,2024-08-09,Basic,USA,Education,YouTube,29,129,10,182,0,4.2,Active,Low,22,638,18.85
CUST0821,2024-04-24,Basic,USA,Technology,LinkedIn,29,463,292,29,9,4.8,Active,Low,25,725,18.85
CUST0822,2025-06-03,Pro,India,Finance,Organic,99,414,96,137,10,3.2,Active,Low,12,1188,64.35
CUST0823,2025-01-22,Basic,India,Technology,Referral,29,427,21,144,9,4.0,Active,Low,16,464,18.85
CUST0824,2025-11-25,Enterprise,Germany,Education,YouTube,299,208,221,116,2,3.8,Active,Low,6,1794,194.35
CUST0825,2024-06-02,Basic,Canada,Finance,Organic,29,385,278,10,9,3.5,Inactive,Medium,24,696,18.85
CUST0826,2025-06-06,Basic,UK,Education,LinkedIn,29,86,260,12,3,3.4,Active,Medium,12,348,18.85
CUST0827,2025-11-26,Pro,UK,Education,YouTube,99,481,17,245,0,3.6,Active,High,6,594,64.35
CUST0828,2024-11-01,Basic,Germany,Finance,Google Ads,29,369,50,46,10,3.5,Active,Medium,19,551,18.85
CUST0829,2024-02-02,Basic,Canada,Retail,Google Ads,29,151,253,82,8,4.1,Active,High,28,812,18.85
CUST0830,2024-02-02,Pro,UK,Healthcare,Google Ads,99,164,206,123,0,4.9,Active,Medium,28,2772,64.35
CUST0831,2025-07-14,Pro,India,Education,Referral,99,280,87,126,1,3.5,Active,Medium,10,990,64.35
CUST0832,2025-09-27,Pro,USA,Finance,Organic,99,354,271,133,0,3.8,Active,High,8,792,64.35
CUST0833,2024-04-01,Basic,Canada,Education,LinkedIn,29,483,49,144,4,3.4,Active,Medium,26,754,18.85
CUST0834,2025-12-22,Basic,India,Technology,YouTube,29,317,290,96,9,3.1,Active,Medium,5,145,18.85
CUST0835,2024-12-05,Basic,USA,Healthcare,Google Ads,29,405,28,238,10,3.9,Active,High,18,522,18.85
CUST0836,2025-08-18,Basic,USA,Technology,LinkedIn,29,464,46,143,5,3.7,Active,High,9,261,18.85
CUST0837,2024-09-18,Basic,UK,Technology,LinkedIn,29,187,293,174,4,3.4,Active,Medium,20,580,18.85
CUST0838,2025-05-10,Basic,UK,Education,Google Ads,29,171,143,98,7,3.1,Active,Low,12,348,18.85
CUST0839,2024-06-01,Basic,USA,Technology,YouTube,29,268,224,227,7,3.6,Inactive,High,24,696,18.85
CUST0840,2025-04-27,Basic,Australia,Retail,Referral,29,376,63,37,9,3.6,Active,High,13,377,18.85
CUST0841,2025-11-02,Basic,Australia,Education,LinkedIn,29,302,136,10,8,3.8,Active,Low,7,203,18.85
CUST0842,2024-10-16,Basic,USA,Education,Google Ads,29,143,141,117,4,4.3,Active,High,19,551,18.85
CUST0843,2025-07-22,Basic,Germany,Technology,Referral,29,205,141,24,7,4.1,Active,Medium,10,290,18.85
CUST0844,2024-03-15,Basic,India,Education,Google Ads,29,203,137,180,3,3.1,Active,High,26,754,18.85
CUST0845,2025-12-16,Enterprise,UK,Finance,YouTube,299,481,58,91,1,4.0,Active,Medium,5,1495,194.35
CUST0846,2026-02-19,Pro,India,Healthcare,Referral,99,257,31,67,9,3.6,Active,Low,3,297,64.35
CUST0847,2025-09-15,Enterprise,India,Technology,YouTube,299,178,284,99,5,4.7,Active,Low,8,2392,194.35
CUST0848,2024-07-11,Basic,Australia,Healthcare,Google Ads,29,58,12,235,3,4.0,Active,High,23,667,18.85
CUST0849,2026-01-26,Basic,Australia,Healthcare,YouTube,29,283,194,137,2,4.5,Active,Medium,4,116,18.85
CUST0850,2026-04-05,Basic,Canada,Healthcare,Organic,29,466,178,166,1,4.1,Active,Medium,1,29,18.85
CUST0851,2024-03-01,Basic,UK,Retail,Organic,29,295,44,18,9,3.7,Active,Low,27,783,18.85
CUST0852,2024-08-03,Enterprise,Germany,Retail,LinkedIn,299,292,288,166,4,4.1,Inactive,High,22,6578,194.35
CUST0853,2025-06-02,Basic,Australia,Finance,YouTube,29,291,35,26,6,3.9,Active,Low,12,348,18.85
CUST0854,2025-05-29,Basic,Germany,Education,Google Ads,29,153,219,112,5,3.9,Active,Medium,12,348,18.85
CUST0855,2025-12-21,Enterprise,UK,Education,LinkedIn,299,117,104,38,5,4.8,Active,Low,5,1495,194.35
CUST0856,2025-03-19,Enterprise,Canada,Education,Organic,299,173,148,59,10,4.1,Active,Medium,14,4186,194.35
CUST0857,2025-07-24,Basic,UK,Finance,Referral,29,318,224,95,6,4.3,Active,Low,10,290,18.85
CUST0858,2025-09-19,Basic,USA,Retail,LinkedIn,29,114,124,51,3,4.5,Inactive,Low,8,232,18.85
CUST0859,2025-08-15,Pro,Australia,Technology,Referral,99,402,257,198,6,4.6,Active,High,9,891,64.35
CUST0860,2025-01-08,Pro,India,Education,Organic,99,454,42,126,1,3.7,Inactive,Medium,16,1584,64.35
CUST0861,2024-09-15,Basic,Canada,Healthcare,Referral,29,282,265,10,3,3.3,Active,Medium,20,580,18.85
CUST0862,2024-07-15,Basic,Canada,Technology,LinkedIn,29,86,165,100,6,4.2,Inactive,Low,22,638,18.85
CUST0863,2024-10-08,Pro,Germany,Education,Google Ads,99,272,299,56,9,4.7,Active,Medium,20,1980,64.35
CUST0864,2025-10-25,Pro,Germany,Healthcare,Referral,99,127,45,44,2,3.7,Active,Medium,7,693,64.35
CUST0865,2024-07-17,Basic,India,Technology,Referral,29,176,75,210,0,3.4,Active,High,22,638,18.85
CUST0866,2025-04-29,Basic,Australia,Technology,YouTube,29,283,290,86,0,3.8,Inactive,Medium,13,377,18.85
CUST0867,2025-12-27,Basic,Germany,Finance,YouTube,29,472,100,153,10,3.1,Inactive,Medium,5,145,18.85
CUST0868,2024-02-04,Pro,Canada,Finance,LinkedIn,99,296,294,39,8,3.3,Active,Low,28,2772,64.35
CUST0869,2024-04-25,Basic,India,Healthcare,Referral,29,333,11,148,6,4.0,Active,Medium,25,725,18.85
CUST0870,2025-02-19,Basic,Canada,Healthcare,Referral,29,82,117,208,0,4.2,Active,High,15,435,18.85
CUST0871,2024-03-25,Pro,Canada,Education,YouTube,99,336,244,187,10,4.2,Active,Low,26,2574,64.35
CUST0872,2025-07-22,Pro,UK,Technology,Google Ads,99,410,36,158,1,4.0,Active,Low,10,990,64.35
CUST0873,2025-09-28,Pro,Germany,Technology,LinkedIn,99,449,154,210,6,4.9,Active,High,8,792,64.35
CUST0874,2024-09-03,Basic,Germany,Healthcare,Google Ads,29,26,70,123,1,4.1,Active,Low,21,609,18.85
CUST0875,2026-02-19,Basic,Australia,Technology,Google Ads,29,405,18,178,8,4.6,Inactive,Medium,3,87,18.85
CUST0876,2024-07-10,Pro,Germany,Retail,Organic,99,256,231,110,10,4.4,Active,Low,23,2277,64.35
CUST0877,2024-04-04,Basic,Canada,Healthcare,Referral,29,332,98,139,5,4.8,Active,High,26,754,18.85
CUST0878,2024-07-10,Basic,UK,Retail,Referral,29,260,128,57,7,4.0,Active,Medium,23,667,18.85
CUST0879,2024-08-16,Basic,Canada,Finance,LinkedIn,29,224,190,229,10,4.4,Active,High,21,609,18.85
CUST0880,2026-03-16,Enterprise,UK,Healthcare,Google Ads,299,167,37,144,1,3.3,Active,Low,2,598,194.35
CUST0881,2025-11-12,Pro,Germany,Healthcare,YouTube,99,41,161,74,3,3.6,Inactive,Medium,6,594,64.35
CUST0882,2025-06-16,Basic,Germany,Technology,LinkedIn,29,358,285,7,7,3.2,Active,Medium,11,319,18.85
CUST0883,2025-06-25,Enterprise,Canada,Finance,Organic,299,330,82,51,1,3.2,Active,High,11,3289,194.35
CUST0884,2025-06-07,Enterprise,Germany,Retail,Organic,299,411,275,148,4,3.0,Inactive,Low,11,3289,194.35
CUST0885,2025-12-26,Basic,Australia,Education,YouTube,29,291,87,175,0,4.0,Active,Medium,5,145,18.85
CUST0886,2024-07-24,Basic,India,Finance,LinkedIn,29,86,87,23,3,4.5,Active,Medium,22,638,18.85
CUST0887,2025-06-01,Basic,India,Healthcare,Referral,29,63,62,125,7,3.9,Active,High,12,348,18.85
CUST0888,2024-08-28,Enterprise,USA,Healthcare,Organic,299,478,116,149,5,3.3,Active,Low,21,6279,194.35
CUST0889,2024-03-10,Pro,UK,Technology,Organic,99,186,190,201,1,4.9,Active,Medium,27,2673,64.35
CUST0890,2025-12-13,Pro,UK,Finance,LinkedIn,99,142,139,245,2,4.4,Active,Low,5,495,64.35
CUST0891,2024-09-30,Pro,Australia,Finance,YouTube,99,299,268,187,7,3.0,Active,High,20,1980,64.35
CUST0892,2025-08-26,Basic,UK,Finance,Organic,29,486,123,184,7,3.4,Active,High,9,261,18.85
CUST0893,2024-01-09,Basic,Australia,Education,YouTube,29,405,270,243,7,4.7,Active,Medium,29,841,18.85
CUST0894,2025-04-01,Enterprise,Australia,Finance,Referral,299,338,71,23,4,4.0,Active,Medium,14,4186,194.35
CUST0895,2026-04-03,Enterprise,Canada,Retail,Organic,299,56,281,219,10,3.1,Active,Low,1,299,194.35
CUST0896,2025-06-22,Pro,USA,Education,Referral,99,396,270,176,8,4.2,Inactive,High,11,1089,64.35
CUST0897,2024-12-13,Pro,Germany,Finance,Referral,99,453,298,183,2,3.2,Active,High,17,1683,64.35
CUST0898,2024-07-29,Basic,India,Education,YouTube,29,243,135,94,7,3.2,Active,Low,22,638,18.85
CUST0899,2024-05-10,Pro,Germany,Education,Google Ads,99,464,276,70,7,3.9,Active,High,25,2475,64.35
CUST0900,2026-01-12,Basic,Australia,Healthcare,Organic,29,22,132,72,8,3.2,Active,High,4,116,18.85
CUST0901,2024-03-18,Pro,USA,Education,Referral,99,481,130,190,5,4.6,Active,Low,26,2574,64.35
CUST0902,2024-04-04,Pro,Canada,Healthcare,Organic,99,88,290,66,0,3.2,Inactive,Low,26,2574,64.35
CUST0903,2024-12-18,Enterprise,Germany,Technology,Referral,299,85,282,196,9,4.7,Active,Low,17,5083,194.35
CUST0904,2024-09-22,Pro,Australia,Finance,LinkedIn,99,328,220,79,5,3.6,Inactive,High,20,1980,64.35
CUST0905,2026-01-10,Pro,UK,Education,Google Ads,99,494,59,155,4,4.7,Active,High,4,396,64.35
CUST0906,2024-10-02,Basic,Germany,Retail,Organic,29,470,238,151,2,3.8,Active,High,20,580,18.85
CUST0907,2024-07-07,Basic,UK,Finance,YouTube,29,480,128,167,2,4.7,Active,High,23,667,18.85
CUST0908,2024-11-06,Enterprise,UK,Retail,YouTube,299,167,262,132,0,3.5,Active,High,19,5681,194.35
CUST0909,2026-04-22,Pro,India,Technology,Google Ads,99,99,75,36,1,4.8,Active,High,1,99,64.35
CUST0910,2024-08-30,Pro,India,Finance,Organic,99,272,210,171,1,3.2,Active,Medium,21,2079,64.35
CUST0911,2026-04-10,Basic,Australia,Education,Referral,29,488,222,198,10,4.2,Active,Low,1,29,18.85
CUST0912,2024-08-05,Basic,Germany,Technology,LinkedIn,29,264,93,103,0,4.3,Inactive,Medium,22,638,18.85
CUST0913,2026-01-30,Pro,Canada,Finance,Referral,99,272,116,198,8,3.5,Active,Low,4,396,64.35
CUST0914,2026-04-19,Pro,Australia,Retail,Google Ads,99,465,36,189,7,4.1,Active,High,1,99,64.35
CUST0915,2024-02-14,Pro,UK,Healthcare,Referral,99,421,215,179,5,4.5,Active,Medium,27,2673,64.35
CUST0916,2024-09-07,Enterprise,Australia,Education,Referral,299,257,261,192,5,4.1,Active,Low,21,6279,194.35
CUST0917,2026-04-03,Pro,UK,Retail,Referral,99,76,217,222,7,3.3,Active,Medium,1,99,64.35
CUST0918,2025-05-29,Enterprise,USA,Education,Organic,299,489,76,201,0,4.8,Active,Low,12,3588,194.35
CUST0919,2025-05-02,Enterprise,UK,Finance,Organic,299,360,215,131,3,4.3,Active,Low,13,3887,194.35
CUST0920,2024-08-02,Basic,Canada,Healthcare,Google Ads,29,445,140,198,3,4.5,Active,High,22,638,18.85
CUST0921,2024-01-21,Enterprise,USA,Technology,YouTube,299,354,221,145,10,3.2,Active,High,28,8372,194.35
CUST0922,2024-08-21,Pro,USA,Finance,Google Ads,99,414,85,196,2,5.0,Active,Low,21,2079,64.35
CUST0923,2024-03-24,Pro,India,Healthcare,LinkedIn,99,390,49,59,4,3.3,Active,Low,26,2574,64.35
CUST0924,2026-04-04,Basic,Australia,Finance,Google Ads,29,338,283,82,4,4.6,Active,Medium,1,29,18.85
CUST0925,2024-05-09,Basic,USA,Finance,LinkedIn,29,390,197,134,4,4.9,Active,High,25,725,18.85
CUST0926,2024-02-09,Basic,USA,Education,Google Ads,29,416,280,156,10,3.5,Active,Low,28,812,18.85
CUST0927,2025-12-12,Basic,USA,Retail,YouTube,29,205,294,120,5,4.7,Active,High,5,145,18.85
CUST0928,2024-02-03,Basic,USA,Education,LinkedIn,29,270,176,53,6,3.8,Active,Low,28,812,18.85
CUST0929,2024-08-17,Enterprise,Canada,Healthcare,YouTube,299,253,115,221,1,3.2,Active,Medium,21,6279,194.35
CUST0930,2024-12-20,Basic,USA,Technology,YouTube,29,67,212,221,4,4.1,Active,High,17,493,18.85
CUST0931,2024-05-17,Pro,UK,Technology,Organic,99,325,72,212,3,4.2,Inactive,Low,24,2376,64.35
CUST0932,2024-11-07,Enterprise,Australia,Education,YouTube,299,413,157,168,0,4.9,Active,Low,19,5681,194.35
CUST0933,2025-03-04,Enterprise,India,Technology,Organic,299,164,44,190,8,4.7,Active,High,15,4485,194.35
CUST0934,2024-05-28,Pro,Canada,Retail,Google Ads,99,432,184,50,8,3.8,Active,Low,24,2376,64.35
CUST0935,2024-01-24,Basic,Germany,Education,YouTube,29,51,63,34,4,4.6,Active,High,28,812,18.85
CUST0936,2024-04-23,Basic,Australia,Education,Google Ads,29,286,52,54,9,3.8,Active,Medium,25,725,18.85
CUST0937,2024-03-17,Pro,Germany,Technology,Organic,99,60,206,155,1,4.9,Active,Low,26,2574,64.35
CUST0938,2025-12-24,Enterprise,Germany,Retail,Google Ads,299,149,228,11,4,3.5,Active,High,5,1495,194.35
CUST0939,2026-04-25,Pro,Canada,Finance,Referral,99,66,264,112,9,3.2,Active,Medium,1,99,64.35
CUST0940,2024-07-23,Basic,UK,Finance,Google Ads,29,394,103,67,2,3.0,Active,Medium,22,638,18.85
CUST0941,2024-04-11,Enterprise,India,Finance,LinkedIn,299,66,39,248,9,4.9,Active,Medium,26,7774,194.35
CUST0942,2024-11-30,Pro,Germany,Technology,Referral,99,351,11,203,8,3.0,Active,Medium,18,1782,64.35
CUST0943,2024-12-23,Basic,Germany,Finance,LinkedIn,29,310,230,60,6,4.6,Active,Medium,17,493,18.85
CUST0944,2026-03-11,Basic,Australia,Retail,Referral,29,163,286,49,7,4.0,Inactive,High,2,58,18.85
CUST0945,2024-11-15,Basic,Australia,Technology,LinkedIn,29,308,178,57,4,3.1,Active,Medium,18,522,18.85
CUST0946,2024-12-31,Enterprise,USA,Retail,Organic,299,289,274,112,9,4.9,Inactive,Medium,17,5083,194.35
CUST0947,2025-02-27,Pro,Canada,Finance,Google Ads,99,491,113,164,2,3.1,Active,High,15,1485,64.35
CUST0948,2025-01-24,Basic,USA,Technology,LinkedIn,29,496,35,187,9,3.9,Active,Medium,16,464,18.85
CUST0949,2026-03-24,Basic,UK,Finance,Organic,29,186,58,8,7,4.6,Active,Medium,2,58,18.85
CUST0950,2024-12-09,Basic,Canada,Education,Referral,29,270,97,54,3,3.7,Inactive,Medium,17,493,18.85
CUST0951,2024-04-30,Enterprise,Australia,Technology,Referral,299,478,256,112,1,3.0,Active,Medium,25,7475,194.35
CUST0952,2024-04-17,Pro,Canada,Healthcare,Organic,99,56,90,183,9,4.0,Active,Low,25,2475,64.35
CUST0953,2024-05-21,Basic,India,Healthcare,Google Ads,29,110,177,207,9,4.6,Active,Medium,24,696,18.85
CUST0954,2024-11-30,Basic,Canada,Healthcare,LinkedIn,29,454,131,31,0,4.1,Active,Medium,18,522,18.85
CUST0955,2025-03-05,Basic,India,Retail,Google Ads,29,144,53,193,4,4.2,Active,Low,15,435,18.85
CUST0956,2024-07-30,Enterprise,USA,Technology,Google Ads,299,249,243,183,9,3.4,Active,High,22,6578,194.35
CUST0957,2024-01-05,Basic,India,Education,LinkedIn,29,362,95,17,6,3.2,Inactive,Low,29,841,18.85
CUST0958,2025-05-20,Pro,Germany,Finance,YouTube,99,324,145,210,5,3.7,Inactive,Low,12,1188,64.35
CUST0959,2024-03-02,Pro,Canada,Finance,Google Ads,99,401,294,157,4,3.3,Active,Medium,27,2673,64.35
CUST0960,2025-04-06,Pro,Canada,Retail,LinkedIn,99,155,286,72,6,3.7,Active,Medium,14,1386,64.35
CUST0961,2024-03-04,Basic,USA,Education,LinkedIn,29,418,115,231,3,4.5,Active,Low,27,783,18.85
CUST0962,2026-01-06,Basic,Canada,Education,Referral,29,52,76,186,7,4.5,Active,Low,4,116,18.85
CUST0963,2025-06-23,Pro,Canada,Finance,LinkedIn,99,97,290,138,1,3.1,Active,Medium,11,1089,64.35
CUST0964,2024-09-12,Basic,Canada,Finance,Referral,29,29,274,146,7,3.3,Active,Low,20,580,18.85
CUST0965,2026-03-16,Enterprise,Australia,Healthcare,Referral,299,473,176,22,8,4.1,Active,Low,2,598,194.35
CUST0966,2024-05-01,Basic,USA,Finance,Organic,29,441,205,86,0,3.8,Active,High,25,725,18.85
CUST0967,2024-02-03,Pro,Australia,Finance,Organic,99,310,167,188,6,4.1,Inactive,Medium,28,2772,64.35
CUST0968,2025-05-10,Basic,Germany,Retail,LinkedIn,29,346,151,102,6,3.5,Active,Medium,12,348,18.85
CUST0969,2025-05-30,Basic,Australia,Technology,Google Ads,29,137,18,29,4,3.8,Active,Medium,12,348,18.85
CUST0970,2025-08-24,Basic,USA,Healthcare,LinkedIn,29,125,131,229,5,3.1,Active,High,9,261,18.85
CUST0971,2025-08-01,Basic,India,Retail,Referral,29,158,146,87,9,4.0,Active,High,10,290,18.85
CUST0972,2025-01-29,Pro,India,Retail,LinkedIn,99,178,256,95,10,3.0,Active,High,16,1584,64.35
CUST0973,2026-01-09,Basic,UK,Finance,Organic,29,252,241,132,3,3.2,Inactive,High,4,116,18.85
CUST0974,2025-09-27,Basic,USA,Retail,LinkedIn,29,497,28,77,5,3.1,Active,High,8,232,18.85
CUST0975,2024-06-24,Basic,India,Finance,Google Ads,29,213,275,133,1,3.6,Active,High,23,667,18.85
CUST0976,2024-05-17,Basic,Australia,Healthcare,Referral,29,267,41,41,6,3.7,Active,High,24,696,18.85
CUST0977,2024-01-22,Pro,Australia,Technology,Organic,99,472,82,231,0,4.8,Active,Low,28,2772,64.35
CUST0978,2024-11-03,Basic,Germany,Education,Organic,29,397,154,208,1,3.6,Inactive,High,19,551,18.85
CUST0979,2026-04-11,Pro,Canada,Technology,Referral,99,133,118,212,3,3.7,Inactive,High,1,99,64.35
CUST0980,2026-01-12,Basic,Canada,Education,Organic,29,433,53,43,6,3.9,Inactive,Medium,4,116,18.85
CUST0981,2024-05-24,Pro,UK,Technology,Organic,99,443,203,240,2,4.5,Inactive,Low,24,2376,64.35
CUST0982,2024-06-08,Basic,Australia,Education,Referral,29,20,13,14,5,4.9,Active,Low,24,696,18.85
CUST0983,2025-08-04,Pro,UK,Retail,YouTube,99,99,87,199,6,4.5,Active,Medium,10,990,64.35
CUST0984,2026-01-23,Basic,Canada,Finance,Google Ads,29,396,197,127,10,4.6,Active,High,4,116,18.85
CUST0985,2025-03-19,Basic,India,Technology,LinkedIn,29,199,284,233,4,3.1,Active,High,14,406,18.85
CUST0986,2025-02-18,Enterprise,USA,Healthcare,YouTube,299,390,65,189,3,3.9,Active,High,15,4485,194.35
CUST0987,2025-01-07,Basic,Australia,Healthcare,LinkedIn,29,283,254,206,10,3.9,Active,Low,17,493,18.85
CUST0988,2025-09-22,Pro,Australia,Healthcare,Organic,99,215,172,157,4,4.3,Active,High,8,792,64.35
CUST0989,2025-05-20,Pro,UK,Finance,YouTube,99,453,148,154,3,5.0,Active,Low,12,1188,64.35
CUST0990,2026-04-30,Basic,Australia,Healthcare,Organic,29,134,204,201,6,3.8,Inactive,Medium,1,29,18.85
CUST0991,2025-01-10,Pro,Germany,Technology,YouTube,99,167,36,240,2,3.8,Active,Low,16,1584,64.35
CUST0992,2024-05-18,Basic,Germany,Technology,Referral,29,411,117,228,4,4.8,Active,Low,24,696,18.85
CUST0993,2024-07-08,Pro,Germany,Finance,Organic,99,356,148,5,2,4.4,Active,Low,23,2277,64.35
CUST0994,2026-01-27,Pro,Germany,Finance,YouTube,99,328,197,97,3,3.4,Inactive,Low,4,396,64.35
CUST0995,2025-12-02,Pro,Germany,Technology,Referral,99,232,9,201,8,4.8,Active,Medium,6,594,64.35
CUST0996,2025-02-22,Basic,USA,Retail,LinkedIn,29,141,86,157,6,4.6,Active,High,15,435,18.85
CUST0997,2024-04-19,Basic,USA,Retail,Organic,29,148,167,14,8,3.6,Active,High,25,725,18.85
CUST0998,2025-10-17,Basic,Canada,Technology,Referral,29,58,81,86,4,4.3,Active,Low,7,203,18.85
CUST0999,2024-02-19,Pro,Canada,Retail,Google Ads,99,88,84,86,1,3.1,Active,Low,27,2673,64.35
CUST1000,2024-12-26,Enterprise,Germany,Technology,Referral,299,465,237,229,9,4.8,Inactive,Medium,17,5083,194.35
